/*
SQLyog Ultimate v12.3.1 (64 bit)
MySQL - 5.6.5-m8 : Database - goods
*********************************************************************
*/


/*!40101 SET NAMES utf8 */;

/*!40101 SET SQL_MODE=''*/;

/*!40014 SET @OLD_UNIQUE_CHECKS=@@UNIQUE_CHECKS, UNIQUE_CHECKS=0 */;
/*!40014 SET @OLD_FOREIGN_KEY_CHECKS=@@FOREIGN_KEY_CHECKS, FOREIGN_KEY_CHECKS=0 */;
/*!40101 SET @OLD_SQL_MODE=@@SQL_MODE, SQL_MODE='NO_AUTO_VALUE_ON_ZERO' */;
/*!40111 SET @OLD_SQL_NOTES=@@SQL_NOTES, SQL_NOTES=0 */;
CREATE DATABASE /*!32312 IF NOT EXISTS*/`goods` /*!40100 DEFAULT CHARACTER SET utf8 */;

USE `goods`;

/*Table structure for table `admin` */

DROP TABLE IF EXISTS `admin`;

CREATE TABLE `admin` (
  `a_id` int(11) NOT NULL AUTO_INCREMENT COMMENT '主键',
  `a_name` varchar(50) NOT NULL COMMENT '管理员登录名',
  `a_password` varchar(50) NOT NULL COMMENT '管理员密码',
  PRIMARY KEY (`a_id`)
) ENGINE=InnoDB AUTO_INCREMENT=4 DEFAULT CHARSET=utf8;

/*Data for the table `admin` */

insert  into `admin`(`a_id`,`a_name`,`a_password`) values 

(1,'刘备','123'),

(2,'关羽','123'),

(3,'张三非','123');

/*Table structure for table `book` */

DROP TABLE IF EXISTS `book`;

CREATE TABLE `book` (
  `bid` char(32) NOT NULL,
  `bname` varchar(200) DEFAULT NULL,
  `author` varchar(50) DEFAULT NULL,
  `price` decimal(8,2) DEFAULT NULL,
  `currPrice` decimal(8,2) DEFAULT NULL,
  `discount` decimal(3,1) DEFAULT NULL,
  `press` varchar(100) DEFAULT NULL,
  `publishtime` char(10) DEFAULT NULL,
  `edition` int(11) DEFAULT NULL,
  `pageNum` int(11) DEFAULT NULL,
  `wordNum` int(11) DEFAULT NULL,
  `printtime` char(10) DEFAULT NULL,
  `booksize` int(11) DEFAULT NULL,
  `paper` varchar(50) DEFAULT NULL,
  `cid` char(32) DEFAULT NULL,
  `image_w` varchar(100) DEFAULT NULL,
  `image_b` varchar(100) DEFAULT NULL,
  `orderBy` int(11) NOT NULL AUTO_INCREMENT,
  PRIMARY KEY (`bid`),
  KEY `orderBy` (`orderBy`),
  KEY `FK_book_category` (`cid`),
  CONSTRAINT `FK_book_category` FOREIGN KEY (`cid`) REFERENCES `category` (`cid`)
) ENGINE=InnoDB AUTO_INCREMENT=163 DEFAULT CHARSET=utf8;

/*Data for the table `book` */

insert  into `book`(`bid`,`bname`,`author`,`price`,`currPrice`,`discount`,`press`,`publishtime`,`edition`,`pageNum`,`wordNum`,`printtime`,`booksize`,`paper`,`cid`,`image_w`,`image_b`,`orderBy`) values 

('000A18FDB38F470DBE9CD0972BADB23F','Java Web整合开发实战--基于Struts 2+Hibernate+Spring（99个应用实例，4个项目开发案例，15.5小时配套教学视频，超值DVD光盘含大量开发资源。一本书搞定SSH框架整合开发！）','贾蓓',79.80,55.10,6.9,'清华大学出版社','2013-7-1',1,640,1030000,'2013-7-1',16,'胶版纸','5F79D0D246AD4216AC04E9C5FAB3199E','img/book_img/23268958-1_w.jpg','img/book_img/23268958-1_b.jpg',16),

('02608973737C452A9B0A59830129632F',' ARM嵌入式Linux系统开发详解（第2版）（Linux典藏大系）','弓雷',69.00,66.24,9.6,'清华大学出版社','2014-02',1,266,48800,'2014-02',16,'胶版纸','65830AB237EF428BAE9B7ADC78A8D1F6','img/book_img/54E7AB5C08294748A478604CA7C00B29-1_w.jpg','img/book_img/E77AE2ACF7834180B4AB6576EBDD8095-1_b.jpg',162),

('077BE821C1BC456E9040F1A378361B46','新印象 解构UI界面设计【人气设计师王铎作品 赠送配套资源 App图标界面版面设计 UI设计师平面设计师交互设计师产品经理的晋升宝典】','王铎',79.00,71.10,9.0,'人民邮电出版社','2019-01',1,254,58700,'2019-01',16,'胶版纸','757BDAB506A445EC8DEDA4CE04303B9F','img/book_img/3F625DCD338C498D88F137B74C85E494-1_w.jpg','img/book_img/3022332EE45342D7B0CCBFD206419834-1_b.jpg',139),

('07D8CC5C8D354DD2BDDB8B82C3AA1A47','【新书店正版】PHP & MySQL Web数据库应用开发指南(第二版) (澳)威廉斯,(澳)莱恩 ,O’Reilly Taiwan 公司编译 9787564105778 东南大学',':(澳)威廉斯,(澳)莱恩 ,O’Reilly Taiwan 公司编译',78.00,53.82,6.9,'东南大学出版社','2006-11-01',1,374,48700,'2013-6-1',16,'胶版纸','C3F9FAAF4EA64857ACFAB0D9C8D0E446','img/book_img/C46A7D9CCA62442CA360FF2AFA120B1A-1_w.jpg','img/book_img/E77FB3674E8045E68DAFCA66AEA44A72-1_b.jpg',107),

('07E478B1BDF24047A059A0B7BBC5AD0B','计算机组装·维护与故障排除基础教程（第2版）【源自百万读者之青睐，汇聚作者20年技术精华之作，原版畅销书全新升级！】','文杰书院',49.00,47.20,9.6,'清华大学出版社','2016-09',1,374,487000,'2017-6-1',16,'胶版纸','4D01FFF0CB94468EA907EF42780668AB','img/book_img/56C9F9D255C84B9088044690006183EA-1_w.jpg','img/book_img/441B39AA56D842A6B98533F9CA0B456B-1_b.jpg',127),

('085896BC75C54A019963EE780234E6FA','热门电脑丛书--《如何在因特网上聊天与打电话》','晶辰创伤室',16.00,14.40,9.0,'科学普及出版社','2009-01',1,174,6870,'2012-6',16,'胶版纸','B92ED191DBE647BE8F75721FB231E207','img/book_img/217605EBDCA94418B6A6BF35F962A9D0-1_w.jpg','img/book_img/234DA836D8964F19B990AEC195D1DA4B-1_b.jpg',130),

('0B5E7BE500CA4D7E9D96EF15FD03E763','ASP.NET Web数据库开发技术实践教程（21世纪高等学校计算机基础实用规划教材）','江红、余青松',45.00,40.50,9.0,'清华大学出版社','2012-11-1',1,378,487900,'2013-6-1',16,'胶版纸','C8E274EE5C99499080A98E24F0BD2E03','img/book_img/8D222A788BA14FB6B144BF951081BFF3-1_w.jpg','img/book_img/80E4C406A7304D5CAFAB0A3927D0EE14-1_b.jpg',101),

('0BE0707984014E66BD9F34F534FCE0F7','OSGi实战【OSGi规范制定者亲自撰写 汇集Apache项目技术实战经验】','Richard',99.00,68.30,6.9,'人民邮电出版社','2013-1-1',1,468,721000,'2013-1-1',16,'胶版纸','5F79D0D246AD4216AC04E9C5FAB3199E','img/book_img/22938396-1_w.jpg','img/book_img/22938396-1_b.jpg',58),

('0EE8A0AE69154287A378FB110FF2C780','Java核心技术：卷Ⅰ基础知识（原书第8版）','昊斯特曼',98.00,67.60,6.9,'机械工业出版社','2008-6-1',1,694,0,'2008-6-1',16,'胶版纸','5F79D0D246AD4216AC04E9C5FAB3199E','img/book_img/20285763-1_w.jpg','img/book_img/20285763-1_b.jpg',12),

('0F56D87BAD4842ECBA35152282606D65','图像处理基础教程（Photoshop CS5）（第2版）','庄志蕾 李蓉',56.00,50.40,9.0,'人民邮电出版社','2016-08',1,124,29700,'2016-08',16,'胶版纸','65640549B80E40B1981CDEC269BFFCAD','img/book_img/9FAA43EA83144BA9AE7D0482869294AF-1_w.jpg','img/book_img/20DDF64364134297A766B0D1D652CEA0-1_b.jpg',143),

('10EC943816F44665916AF7EC332B53D2','ABAQUS 6.14超级学习手册  集软件操作 工程案例于一身 有限元分析工程实例详解从入门到精通 带领读者轻松跨入ABAQUS世界','齐威',99.00,89.30,9.0,'人民邮电出版社','2016-04',1,374,426000,'2016-6-1',16,'胶版纸','4D01FFF0CB94468EA907EF42780668AB','img/book_img/0D4F950A19914D94B708B557AD253A4F-1_w.jpg','img/book_img/801A49CF884645AAB8484CEAE8B273E2-1_b.jpg',123),

('113D0D1BB9174DD19A7DE7E2B37F677F','Java7入门经典（跟编程导师Ivor Horton学Java 预计到货日期9月初）','霍尔顿',118.00,81.40,6.9,'清华大学出版社','2012-8-1',1,1124,1918000,'2012-8-1',16,'胶版纸','5F79D0D246AD4216AC04E9C5FAB3199E','img/book_img/22813026-1_w.jpg','img/book_img/22813026-1_b.jpg',94),

('1286B13F0EA54E4CB75434762121486A','Java核心技术 卷I：基础知识(第9版·英文版)(上、下册)','霍斯特曼',109.00,75.20,6.9,'人民邮电出版社','2013-7-1',1,0,1197000,'2013-7-1',16,'胶版纸','5F79D0D246AD4216AC04E9C5FAB3199E','img/book_img/23280479-1_w.jpg','img/book_img/23280479-1_b.jpg',65),

('13EBF9B1FDE346A683A1C45BD6773ECB','Java开发实战1200例（第Ⅱ卷）（史上最全的“编程实例”类图书，代码分析、实例速查、练习巩固的绝好帮手）','无',99.00,68.30,6.9,'清华大学出版社','0',1,0,1754000,'2011-6-1',16,'胶版纸','5F79D0D246AD4216AC04E9C5FAB3199E','img/book_img/21110930-1_w_1.jpg','img/book_img/21110930-1_b.jpg',83),

('15D4573E47F2475EB22164A60E9B1CE1','C++标准库 第2版 C++计算机编程教程 新版数据结构c++ 11语言程序设计从入门到精通基础教程中文版 C语言基础教程 C++编程书籍','Nicolai M. Josuttis',186.00,174.84,9.4,'电子工业出版社','2015-6',1,1037,1500000,'2016-1',16,'胶版纸','922E6E2DB04143D39C9DDB26365B3EE8','img/book_img/61AE31EF436E45FD9FCE496DD91DB84D-1_w.jpg','img/book_img/1EF55BF1FDB645908465F535ADD64B80-1_b.jpg',104),

('1A15DC5E8A014A58862ED741D579B530','Java深入解析——透析Java本质的36个话题','梁勇',49.00,33.80,6.9,'电子工业出版社','2013-11-1',1,298,424000,'2013-11-1',16,'胶版纸','5F79D0D246AD4216AC04E9C5FAB3199E','img/book_img/23363997-1_w_1.jpg','img/book_img/23363997-1_b.jpg',86),

('210A3DCA429049C78B623C3986BEB136','JavaScript经典教程套装：JavaScript高级程序设计(第3版)+JavaScript DOM编程艺术(第2版)(套装共2册)(超值附赠《码农》光盘1张)','Nicholas C. Zakas',148.00,88.80,6.0,'人民邮电出版社','2013-4-1',1,1048,0,'2013-4-1',16,'胶版纸','5F79D0D246AD4216AC04E9C5FAB3199E','img/book_img/23224089-1_w.jpg','img/book_img/23224089-1_b.jpg',93),

('22234CECF15F4ECB813F0B433DDA5365','JavaScript从入门到精通（附光盘1张）（连续8月JavaScript类全国零售排行前2名，13小时视频，400个经典实例、369项面试真题、138项测试史上最全资源库）','明日科技',69.80,48.20,6.9,'清华大学出版社','2012-9-1',1,532,939000,'2012-9-1',16,'胶版纸','5F79D0D246AD4216AC04E9C5FAB3199E','img/book_img/22862057-1_w.jpg','img/book_img/22862057-1_b.jpg',20),

('22D9FFBF17154951A6F5B5A266E2E35E','数据库系统概念(原书第6版)（数据库系统方面的经典教材，被国外许多知名大学采用。决战大数据时代！IT技术人员不得不读！）','西尔伯沙茨',99.00,59.40,6.0,'机械工业出版社','2012-5-1',1,374,48700,'2013-6-1',16,'胶版纸','96F209F79DB242E9B99CC1B98FAB01DB','img/book_img/EE49856E3C7544A9B57515C34BF2CAFE-1_w.JPG','img/book_img/BC6953DE41144814A7AB8B59D80555ED-1_b.jpg',98),

('230A00EC22BF4A1DBA87C64800B54C8D','Struts2技术内幕：深入解析Struts架构设计与实现原理','陆舟',69.00,47.60,6.9,'机械工业出版社','2012-1-1',1,379,0,'2012-1-1',16,'胶版纸','5F79D0D246AD4216AC04E9C5FAB3199E','img/book_img/22577578-1_w.jpg','img/book_img/22577578-1_b.jpg',56),

('260F8A3594F741C1B0EB69616F65045B','Tomcat与Java Web开发技术详解（第2版）(含光盘1张)','孙卫琴',79.50,54.90,6.9,'电子工业出版社','2009-1-1',1,734,1216000,'2009-1-1',16,'胶版纸','5F79D0D246AD4216AC04E9C5FAB3199E','img/book_img/20420983-1_w.jpg','img/book_img/20420983-1_b.jpg',74),

('28A03D28BAD449659A77330BE35FCD65','JAVA核心技术卷II：高级特性（原书第8版）','霍斯特曼',118.00,81.40,6.9,'机械工业出版社','2008-12-1',1,852,0,'2008-12-1',16,'胶版纸','5F79D0D246AD4216AC04E9C5FAB3199E','img/book_img/20446562-1_w.jpg','img/book_img/20446562-1_b.jpg',18),

('2912C89A2F0A4C54B6B13A13EE6DB7CC','JSP数据库开发实例精粹（附CD-ROM光盘一张）——开发专家之数据库','汪孝宜，刘中兵，徐佳晶 ',39.00,30.80,7.9,'电子工业出版社','2005-01-01',1,374,48700,'2014-6-1',16,'胶版纸','D45D96DA359A4FEAB3AB4DCF2157FC06','img/book_img/BD0D433CE09040658EB1F67C0F20CF44-1_w.jpg','img/book_img/82B25952C7614955A4805E8106C8E6F9-1_b.jpg',114),

('2EE1A20A6AF742E387E18619D7E3BB94','Java虚拟机并发编程(Java并发编程领域的里程碑之作，资深Java技术专家、并发编程专家、敏捷开发专家和Jolt大奖得主撰写，Amazon五星畅销书)','Venkat Subramaniam',59.00,40.70,6.9,'机械工业出版社','2013-5-1',1,215,0,'2013-5-1',16,'胶版纸','5F79D0D246AD4216AC04E9C5FAB3199E','img/book_img/23239786-1_w.jpg','img/book_img/23239786-1_b.jpg',54),

('33ACF97A9A374352AE9F5E89BB791262','基于MVC的JavaScript Web富应用开发','麦卡劳',59.00,40.70,6.9,'电子工业出版社','2012-5-1',1,282,462000,'2012-5-1',16,'胶版纸','5F79D0D246AD4216AC04E9C5FAB3199E','img/book_img/22757564-1_w.jpg','img/book_img/22757564-1_b.jpg',34),

('3428FCEDDBDF41F78660E95F8F8A9841','Flash经典课堂——动画、游戏与多媒体制作案例教程（配光盘)','胡国钰',99.00,87.12,8.8,'清华大学出版社','2013-10',1,374,8700,'2013-10',16,'胶版纸','DCAD0384A6444C048951C7B36C5D96EE','img/book_img/D123A9F6889141B19EBD174CE613B0EA-1_w.jpg','img/book_img/80C4E2753A294DF7B938D394B73EBD7C-1_b.jpg',154),

('37F3A15EEAE347529BA6D74C8ED363D8','VB NET数据库开发(第2版) [丹]汤姆森,盛和太,白葳 清华大学出版社【新华书店 品质保证】','汤姆森,盛和太,白葳',170.00,170.00,0.0,'清华大学出版社','2004-5-5',1,374,487900,'2012-6-1',16,'胶版纸','C8E274EE5C99499080A98E24F0BD2E03','img/book_img/CF7B5897173E4246BE82B0C2275C979C-1_w.jpg','img/book_img/D4072D73C13A4943A3C57EACDC3F6674-1_b.jpg',102),

('37F75BEAE1FE46F2B14674923F1E7987','数据结构与算法分析Java语言描述 第2版','韦斯',55.00,38.00,6.9,'机械工业出版社','2009-1-1',2,440,0,'2009-1-1',16,'胶版纸','5F79D0D246AD4216AC04E9C5FAB3199E','img/book_img/20417467-1_w.jpg','img/book_img/20417467-1_b.jpg',32),

('39F1D0803E8F4592AE1245CACE683214','Java程序员修炼之道','埃文斯',89.00,61.40,6.9,'人民邮电出版社','2013-8-1',1,395,658000,'2013-8-1',16,'胶版纸','5F79D0D246AD4216AC04E9C5FAB3199E','img/book_img/23301847-1_w_1.jpg','img/book_img/23301847-1_b.jpg',36),

('3AE5C8B976B6448A9D3A155C1BDE12BC','深入理解Java虚拟机:JVM高级特性与最佳实践（超级畅销书，6个月5次印刷，从实践角度解析JVM工作原理，Java程序员必备）','周志明',69.00,47.60,6.9,'机械工业出版社','0',1,0,0,'2011-7-1',16,'胶版纸','5F79D0D246AD4216AC04E9C5FAB3199E','img/book_img/21108671-1_w_1.jpg','img/book_img/21108671-1_b.jpg',66),

('3C1B004DADCC4E8D8FEF38CBA054860E',' 图像大师Photoshop CS','杨成伟　',38.00,26.20,6.9,'西南师范大学出版社','2007-01',1,274,28700,'2007-01',16,'胶版纸','65640549B80E40B1981CDEC269BFFCAD','img/book_img/7B564C875EB54E0A900AEE2790E7B28E-1_w.jpg','img/book_img/A901992C2BE94065BC199D1339A3ED92-1_b.jpg',147),

('3DD187217BF44A99B86DD18A4DC628BA','Java核心技术 卷1 基础知识（原书第9版）','霍斯特曼，科内尔',119.00,82.10,6.9,'机械工业出版社','2014-1-1',1,704,0,'2014-1-1',16,'胶版纸','5F79D0D246AD4216AC04E9C5FAB3199E','img/book_img/23362142-1_w_1.jpg','img/book_img/23362142-1_b.jpg',9),

('3E1990E19989422E9DA735978CB1E4CE','Effective Java中文版(第2版)','布洛克',52.00,35.90,6.9,'机械工业出版社','2009-1-1',2,287,0,'2009-1-1',16,'胶版纸','5F79D0D246AD4216AC04E9C5FAB3199E','img/book_img/20459091-1_w.jpg','img/book_img/20459091-1_b.jpg',25),

('3ECE92D72FF6406A9BF491F9A7320364','图解TCP/IP：第5版【原版畅销36万册！268张图解轻松入门】','竹下隆史',69.00,53.82,7.8,'人民邮电出版社','2013-07',1,674,687000,'2016-6-1',16,'胶版纸','B92ED191DBE647BE8F75721FB231E207','img/book_img/18F23247B0FF4C22B7A8E0D4E8601BBB-1_w.jpg','img/book_img/354C3FDF103B4CE7ADE169487B11ED37-1_b.jpg',128),

('3F370733036249D78C9CFB4F018B483D',' 热门电脑丛书--《如何从因特网上获取信息》','晶辰创伤室',14.00,12.70,9.1,'科学普及出版社','2009-01',1,174,6870,'2012-6',16,'胶版纸','B92ED191DBE647BE8F75721FB231E207','img/book_img/C1AB886E11D8471385B0C9848736D23F-1_w.jpg','img/book_img/C8BA4BFAF0664431B2D35FA6BA19C31A-1_b.jpg',129),

('400D94DE5A0742B3A618FC76DF107183','JavaScript宝典（第7版）（配光盘）','古德曼',128.00,88.30,6.9,'清华大学出版社','2013-1-1',1,1012,1657000,'2013-1-1',32,'胶版纸','5F79D0D246AD4216AC04E9C5FAB3199E','img/book_img/23169892-1_w.jpg','img/book_img/23169892-1_b.jpg',88),

('410DA37463A846EFB725B3CDE138166F','Oracle数据库管理从入门到精通（微课视频版）OCP认证资深讲师编著','何明',89.80,75.60,8.4,'水利水电出版社','2012-6-1',1,374,48700,'2013-6-1',16,'胶版纸','96F209F79DB242E9B99CC1B98FAB01DB','img/book_img/817C8AAA780349E9B8F542ACE65DC148-1_w.jpg','img/book_img/35FFBBC9CEAD4AD0991FAEF714D93F38-1_b.jpg',99),

('42A88196B5274C87A77F1D376398F023','计算机组成与设计：硬件/软件接口（原书第5版）2017年图灵奖得主作品，计算机专业必读教材！','帕特森，（美）亨尼斯',99.00,68.30,6.9,'机械工业出版社','2015-07',1,374,48700,'2016-6-1',16,'胶版纸','4D01FFF0CB94468EA907EF42780668AB','img/book_img/4E7E2CABDE43423889D895D3649DB309-1_w.jpg','img/book_img/19B04F0E285C4C4489FC25855C21AF51-1_b.jpg',124),

('435C8788F48C4B1D86AF520C5F17778F','【正版特价】Access 2010数据库应用程序设计|230262','沈楠 孔令志 王立伟',39.00,18.70,4.8,'机械工业出版社','2017-02-01',1,374,48700,'2017-6-1',16,'胶版纸','C4DD8CA232864B31A367EE135D86382C','img/book_img/3FC0D8669F834ABBB7E8640672D41745-1_w.jpg','img/book_img/C9493CE2FE994103A3031EDEC00BA117-1_b.jpg',119),

('4491EA4832E04B8B94F334B71E871983','Java语言程序设计：进阶篇（原书第8版）','梁勇',79.00,54.50,6.9,'机械工业出版社','2011-6-1',1,507,0,'2011-6-1',16,'胶版纸','5F79D0D246AD4216AC04E9C5FAB3199E','img/book_img/21117631-1_w_1.jpg','img/book_img/21117631-1_b.jpg',48),

('44CEA93B1E0D48B4AEB79E025312EF65','数据库Access2002应用教程——普通高等学校文科专业计算机系列教材','陈恭和，刘瑞林',24.00,20.40,9.7,':清华大学出版社','2004-01',1,374,48700,'2013-6-1',16,'胶版纸','F5C091B3967442A2B35EFEFC4EF8746F','img/book_img/A3FE1F310DE64037B0603A3CD889ADDE-1_w.jpg','img/book_img/6089D2B36E944FF3A2BF4B694EF92705-1_b.jpg',117),

('47E9B5B5891F4395A37A1025F254A083','破译Web UI 网页UI设计规范 流程与实战案例','Chuckie Chang',79.00,71.10,9.0,'人民邮电出版社','2018-09',1,254,48700,'2018-09',16,'胶版纸','757BDAB506A445EC8DEDA4CE04303B9F','img/book_img/D9CEB07774F740AC8A836136168EF5A7-1_w.jpg','img/book_img/925A089A12AD4CE098724C792E5958FA-1_b.jpg',140),

('48BBFBFC07074ADE8CC906A45BE5D9A6','JavaScript权威指南（第6版）（淘宝前端团队倾情翻译！经典权威的JavaScript犀牛书！第6版特别涵盖了HTML5和ECMAScript5！）（经典巨著，当当独家首发）','弗兰纳根',139.00,95.30,6.9,'机械工业出版社','2012-4-1',1,1004,0,'2012-4-1',16,'胶版纸','5F79D0D246AD4216AC04E9C5FAB3199E','img/book_img/22722790-1_w.jpg','img/book_img/22722790-1_b.jpg',4),

('49B74D81247B4C85BAE5462DA77632C3','新编JSP数据库编程入门(1多媒体软件+含配套教材) 李新晖,陈梅兰著 天津科学技术出版社 9787530844311','李新晖,陈梅兰',111.29,111.00,10.0,'天津科学技术出版社','2008-1',1,374,48700,'2014-6-1',16,'胶版纸','D45D96DA359A4FEAB3AB4DCF2157FC06','img/book_img/7E045F2DF45A45608DC532137653CFD5-1_w.jpg','img/book_img/4646E160AEB54146B2A40CB148FE2167-1_b.jpg',113),

('49D98E7916B94232862F7DCD1B0BAB66','HTML5+JavaScript动画基础','兰贝塔',69.00,47.60,6.9,'人民邮电出版社','2013-6-1',1,393,553000,'2013-6-1',16,'胶版纸','5F79D0D246AD4216AC04E9C5FAB3199E','img/book_img/23266633-1_w.jpg','img/book_img/23266633-1_b.jpg',51),

('4A9574F03A6B40C1B2A437237C17DEEC','Spring实战(第3版)（In Action系列中最畅销的Spring图书，近十万读者学习Spring的共同选择）','Craig Walls',59.00,40.70,6.9,'人民邮电出版社','2013-6-1',1,374,487000,'2013-6-1',16,'胶版纸','5F79D0D246AD4216AC04E9C5FAB3199E','img/book_img/23254532-1_w.jpg','img/book_img/23254532-1_b.jpg',11),

('4BF6D97DD18A4B77B8DED9B057577F8F','Java Web从入门到精通（附光盘1张）（连续8月Java类全国零售排行前2名，27小时视频，951个经典实例、369项面试真题、596项测试史上最全资源库）','明日科技',69.80,48.20,6.9,'清华大学出版社','2012-9-1',1,547,979000,'2012-9-1',16,'胶版纸','5F79D0D246AD4216AC04E9C5FAB3199E','img/book_img/22862056-1_w.jpg','img/book_img/22862056-1_b.jpg',23),

('4C3331CAD5A5453787A94B8D7CCEAA29','Java Web整合开发王者归来（JSP+Servlet+Struts+Hibernate+Spring）（配光盘','刘京华',99.80,68.90,6.9,'清华大学出版社','2010-1-1',1,1010,1368000,'2010-1-1',16,'胶版纸','5F79D0D246AD4216AC04E9C5FAB3199E','img/book_img/20756351-1_w_1.jpg','img/book_img/20756351-1_b_1.jpg',17),

('4D20D2450B084113A331D909FF4975EB','jQuery实战(第2版)(畅销书升级版，掌握Web开发利器必修宝典)','Bear Bibeault　Yehuda Katz ',69.00,47.60,6.9,'人民邮电出版社','2012-3-1',1,394,617000,'2012-3-1',16,'胶版纸','5F79D0D246AD4216AC04E9C5FAB3199E','img/book_img/22638286-1_w.jpg','img/book_img/22638286-1_b.jpg',79),

('4E44405DAFB7413E8A13BBFFBEE73AC7','JavaScript经典实例','鲍尔斯',78.00,53.80,6.9,'中国电力出版社','2012-3-1',1,512,625000,'2012-3-1',16,'胶版纸','5F79D0D246AD4216AC04E9C5FAB3199E','img/book_img/22692811-1_w.jpg','img/book_img/22692811-1_b.jpg',68),

('504FB999B0444B339907090927FDBE8A','深入浅出Ext JS(第3版)','徐会生',69.00,47.60,6.9,'人民邮电出版社','2013-10-1',3,413,642000,'2013-10-1',16,'胶版纸','5F79D0D246AD4216AC04E9C5FAB3199E','img/book_img/23351049-1_w_1.jpg','img/book_img/23351049-1_b.jpg',71),

('52077C8423B645A9BADA96A5E0B14422','Spring源码深度解析','郝佳',69.00,47.60,6.9,'人民邮电出版社','2013-9-1',1,386,545000,'2013-8-30',16,'胶版纸','5F79D0D246AD4216AC04E9C5FAB3199E','img/book_img/23329703-1_w_1.jpg','img/book_img/23329703-1_b.jpg',52),

('52B0EDFF966E4A058BDA5B18EEC698C4','亮剑Java Web项目开发案例导航(含DVD光盘1张)','朱雪琴',69.00,41.40,6.0,'电子工业出版社','2012-3-1',1,526,875000,'2012-3-1',16,'胶版纸','5F79D0D246AD4216AC04E9C5FAB3199E','img/book_img/22623766-1_w.jpg','img/book_img/22623766-1_b.jpg',81),

('5315DA60D24042889400AD4C93A37501','Spring 3.x企业应用开发实战(含CD光盘1张)','陈雄华',90.00,62.10,6.9,'电子工业出版社','2012-2-1',1,710,1158000,'2012-2-1',16,'胶版纸','5F79D0D246AD4216AC04E9C5FAB3199E','img/book_img/22605701-1_w.jpg','img/book_img/22605701-1_b.jpg',24),

('5656FC564F4141CFB9A6BB05779D2AAF','正版书籍 Photoshop图像设计与制作(第2版) 智云科技 PS教程书图像处理软件零基础Phot','智云科技',89.00,73.90,8.3,'清华大学出版社','2019-12',1,353,48700,'2019-12',16,'胶版纸','757BDAB506A445EC8DEDA4CE04303B9F','img/book_img/41833AB46AF845A8AED9746B9E5838C9-1_w.jpg','img/book_img/6C3F9A1C08CC426183CE753D290BF00E-1_b.jpg',138),

('56B1B7D8CD8740B098677C7216A673C4','疯狂 Java 程序员的基本修养（《疯狂Java讲义》最佳拍档，扫清知识死角，夯实基本功）','李刚',59.00,40.70,6.9,'电子工业出版社','2013-1-1',1,484,7710000,'2013-1-1',16,'胶版纸','5F79D0D246AD4216AC04E9C5FAB3199E','img/book_img/23042420-1_w.jpg','img/book_img/23042420-1_b.jpg',89),

('57B6FF1B89C843C38BA39C717FA557D6','了不起的Node.js: 将JavaScript进行到底（Web开发首选实时 跨多服务器 高并发）','Guillermo Rauch',79.00,54.50,6.9,'电子工业出版社','2014-1-1',1,292,436000,'2014-1-1',16,'胶版纸','5F79D0D246AD4216AC04E9C5FAB3199E','img/book_img/23368351-1_w_2.jpg','img/book_img/23368351-1_b.jpg',8),

('5C4A6F0F4A3B4672AD8C5F89BF5D37D2','Java从入门到精通（第3版）（附光盘1张）（连续8月Java类全国零售排行前2名，32小时视频，732个经典实例、369项面试真题、616项测试史上最全资源库）','明日科技',59.80,41.30,6.9,'清华大学出版社','2012-9-1',3,564,1013000,'2012-9-1',16,'胶版纸','5F79D0D246AD4216AC04E9C5FAB3199E','img/book_img/22862060-1_w.jpg','img/book_img/22862060-1_b.jpg',1),

('5C68141786B84A4CB8929A2415040739','JavaScript高级程序设计(第3版)(JavaScript技术名著，国内JavasScript第一书，销量超过8万册)','Nicholas C. Zakas',99.00,68.30,6.9,'人民邮电出版社','2012-3-1',1,730,1092000,'2012-3-1',16,'胶版纸','5F79D0D246AD4216AC04E9C5FAB3199E','img/book_img/22628333-1_w.jpg','img/book_img/22628333-1_b.jpg',5),

('5DAC7CC4D17048F29DBB237DDDDC1547','当当独家赠品版 Word/Excel/PPT 2019办公应用从入门到精通【Word/Excel/PPT2019办公应用从入门到精通 神龙畅销书升级版 Excel高效办公公式与函数数据处理与分析 PPT word文档制作 移动学习】','神龙工作室',49.80,33.37,6.7,'人民邮电出版社','2019-06',1,300,487000,'2019-12-19',16,'胶版纸','F5C091B3967442A2B35EFEFC4EF8746F','img/book_img/36FC322FF2FA464A9619E0F88C661749-1_w_17.jpg','img/book_img/8D5C798DC72D48D5AF5D7F3C6968F4A5-1_b.jpg',132),

('5EDB981339C342ED8DB17D5A198D50DC','Java程序性能优化','葛一鸣',59.00,40.70,6.9,'清华大学出版社','2012-10-1',1,400,649000,'2012-10-1',16,'胶版纸','5F79D0D246AD4216AC04E9C5FAB3199E','img/book_img/22881618-1_w.jpg','img/book_img/22881618-1_b.jpg',27),

('60D064F358484D3087CFF3A37DB8396E',' 操作系统导论【美国知名操作系统教材 紧紧围绕操作系统的三大主题元素--虚拟化 并发和持久性进行讲解】','雷姆兹·H.阿帕希杜塞尔（ Remzi H. Arpaci-Dussea)',99.00,87.12,8.8,'人民邮电出版社','2019-06',1,480,687000,'2019-06',16,'胶版纸','458795C27E7346A8A5F1B942319297E0','img/book_img/D37AB8DDCD7D437484F262A259C5F33D-1_w.jpg','img/book_img/0FC86C97EA524487BEC53C2EDEF75BAC-1_b.jpg',159),

('6398A7BA400D40258796BCBB2B256068','JavaScript设计模式','Addy Osmani',49.00,33.80,6.9,'人民邮电出版社','2013-6-1',1,241,301000,'2013-6-1',16,'胶版纸','5F79D0D246AD4216AC04E9C5FAB3199E','img/book_img/23266635-1_w.jpg','img/book_img/23266635-1_b.jpg',40),

('65405FA375924782B669C48EFAE1A280','正版书籍 数字图像处理 原理与实现 面向新工科的电工电子信息基础课程系列教材 黄进计算机视觉数字图像','黄进、李剑波',59.00,49.00,8.3,'清华大学出版社','2020-01',1,270,68700,'2020-1',16,'胶版纸','757BDAB506A445EC8DEDA4CE04303B9F','img/book_img/E4A48EAF8D6B4D0A85624729ACB1D6C8-1_w.jpg','img/book_img/A9FDD5A97567474EB7E05FE7800A8D10-1_b.jpg',137),

('676B56A612AF4E968CF0F6FFE289269D','JavaScript和jQuery实战手册（原书第2版）','麦克法兰',99.00,68.30,6.9,'机械工业出版社','2013-3-11',1,504,0,'2013-3-1',16,'胶版纸','5F79D0D246AD4216AC04E9C5FAB3199E','img/book_img/23201813-1_w.jpg','img/book_img/23201813-1_b.jpg',42),

('679FD9DB1CD24D90842ED923B3C6DCAF','PHP与SQLServer2000 架构Windows Web数据库实务（含盘）','钟伟财',48.00,42.24,8.8,'中国铁道出版社','2001-10',1,374,48700,'2013-6-1',16,'胶版纸','C3F9FAAF4EA64857ACFAB0D9C8D0E446','img/book_img/39D243877C1C44289F7FC9FF9F2B26D9-1_w.jpg','img/book_img/CDBD46D9BE1C451AB0F710D5B6B73A2A-1_b.jpg',108),

('6A553213A9DE4A59B76735E7E4BFB67D','HTML5数据推送应用开发','库克',49.00,44.20,9.0,'人民邮电出版社','2014-6',1,280,48708,'2014-8-1',16,'胶版纸','84ECE401C2904DBEA560D04A581A66D9','img/book_img/B522B7C8B77844BF8F3347A7EE495CB9-1_w.jpg','img/book_img/129DF7252DF546D7B24A6EB50B262A5E-1_b.jpg',110),

('6DEC1A44C9864EC494B453C1C3264DEA','网络数据库技术PHP+MYSQL(第二版),李刚著,北京大学出版社【正版图书 品质保证】','李刚',28.00,25.20,9.0,'北京大学出版社','2012-09-01',1,100,56780,'2012-10',16,'胶版纸','C3F9FAAF4EA64857ACFAB0D9C8D0E446','img/book_img/C1D3376F47D44036B5440037135374E0-1_w.jpg','img/book_img/0FC8630FAB4F4D41B4162EC13906CE92-1_b.jpg',106),

('74943D1EA9694F6A85E80D18E1C06FF6',' 嵌入式实时操作系统的设计与开发','廖勇',42.00,37.38,8.9,'电子工业出版社','2015-03',1,282,48700,'2015-03',16,'胶版纸','458795C27E7346A8A5F1B942319297E0','img/book_img/767D6E8B1C73438CBAA8E66332D14B00-1_w.jpg','img/book_img/7B8E650BCDEC47D0908516103E07B515-1_b.jpg',158),

('74F6B6F0C42C438FA47FFF6DB0306FFF','数据库与数据挖掘','安立华',52.00,36.40,7.0,'中国财富出版社','2013-6-1',1,378,487900,'2017-6-1',16,'胶版纸','F4FBD087EB054CA1896093F172AC33D9','img/book_img/EA7500A7D8D64CC8AF568FBEFE9A0A35-1_w.jpg','img/book_img/CF149FB59EE9405D8A31DFEB54927FB4-1_b.jpg',100),

('7707FA7448854E82A31B32300FA7F828','Dreamweaver CS6网页制作【100节交互式视频讲解/模拟操作/上机练习/实例素材/372页数字图书/赠丰富学习套餐】','九州书源',69.80,48.10,6.9,'清华大学出版社','2015-10',1,372,48700,'2015-10',16,'胶版纸','57DE3C2DDA784B81844029A28217698C','img/book_img/2EA68D6341FD4DC6A6F68751878EDDC1-1_w.jpg','img/book_img/917F4948E486413A99801C20E044BA67-1_b.jpg',148),

('7917F5B19A0948FD9551932909328E4E','Java项目开发案例全程实录（第2版）（配光盘）（软件项目开发全程实录丛书）','明日科技',69.80,48.20,6.9,'清华大学出版社','2011-1-1',2,605,1037000,'2011-1-1',16,'胶版纸','5F79D0D246AD4216AC04E9C5FAB3199E','img/book_img/20991549-1_w_1.jpg','img/book_img/20991549-1_b.jpg',64),

('7C0C785FFBEC4DEC802FA36E8B0BC87E','深入分析Java Web技术内幕','许令波',69.00,47.60,6.9,'电子工业出版社','2012-9-1',1,442,746000,'2012-9-1',16,'胶版纸','5F79D0D246AD4216AC04E9C5FAB3199E','img/book_img/22881803-1_w.jpg','img/book_img/22881803-1_b.jpg',50),

('7CD79C20258F477AB841518D9312E843','Java程序员面试宝典（第三版）','欧立奇',49.00,33.80,6.9,'电子工业出版社','2013-9-1',1,359,446400,'2013-9-1',16,'胶版纸','5F79D0D246AD4216AC04E9C5FAB3199E','img/book_img/23348683-1_w_1.jpg','img/book_img/23348683-1_b.jpg',44),

('7D552133B5624D9D8C13A39D32A02EA5','Dreamweaver CC网页设计从入门到精通（微课精编版）','前端科技',89.80,61.10,6.8,'清华大学出版社','2019-04',1,374,46700,'2019-04',16,'胶版纸','57DE3C2DDA784B81844029A28217698C','img/book_img/294A6409C803495B97EA88EE8328E6EC-1_w.jpg','img/book_img/86FFDD3B5795483AAA8BE96EC0D097C7-1_b.jpg',152),

('7D791CDA9F544F3AB2FAA96A5709B34C','电子商务数据库技术--SQL Server篇(全国高职高专院校电子商务专业规划教材)','王维平',30.00,27.90,9.3,'中国财政经济出版社一','2009-02',1,374,48790,'2013-6-1',16,'胶版纸','A9CFBED0F77746C5BD751F2502FAB2CD','img/book_img/4FE609290201400983DE7F0006F9321B-1_w.jpg','img/book_img/782882CBD578470A9B7F130941B8EA7E-1_b.jpg',115),

('7D7FE81293124793BDB2C6FF1F1C943D','21天学通Java(第6版)（中文版累计销量超30000册）','Rogers Cadenhead',55.00,38.00,6.9,'人民邮电出版社','2013-4-1',1,410,781000,'2013-4-1',16,'胶版纸','5F79D0D246AD4216AC04E9C5FAB3199E','img/book_img/23219731-1_w.jpg','img/book_img/23219731-1_b.jpg',46),

('7F06E8D309C344EE93D193FF60FC5C0F','JSP数据库通用模块开发与系统移植 张倍,赵国锋著 清华大学出版社 9787302151432','张倍,赵国锋',95.26,70.00,7.4,'清华大学出版社','2007-5',1,174,48700,'2007-6-1',16,'胶版纸','D45D96DA359A4FEAB3AB4DCF2157FC06','img/book_img/C9C926256B494A7EA7C17043E3E17B4B-1_w.jpg','img/book_img/9F6D718AF8A8414899EFDB2891351260-1_b.jpg',112),

('7FD7F50B15F74248AA769798909F8653','Java网络编程（第3版）——O’Reilly Java系列','哈诺德',85.00,51.00,6.0,'中国电力出版社','2005-11-1',1,718,668000,'2005-11-1',16,'胶版纸','5F79D0D246AD4216AC04E9C5FAB3199E','img/book_img/9062293-1_w.jpg','img/book_img/9062293-1_b.jpg',35),

('819FF56E4423462394E6F83882F78975','学通Java Web的24堂课（配光盘）（软件开发羊皮卷）','陈丹丹',79.80,55.10,6.9,'清华大学出版社','2011-6-1',1,718,1488000,'2011-6-1',16,'胶版纸','5F79D0D246AD4216AC04E9C5FAB3199E','img/book_img/21118835-1_w_1.jpg','img/book_img/21118835-1_b.jpg',91),

('81FADA99309342F4978D5C680B0C6E8C','Java入门很简单（配光盘）（入门很简单丛书）（打开Java编程之门 Java技术网推荐）','李世民',59.80,41.30,6.9,'清华大学出版社','2012-8-1',1,459,745000,'2012-8-1',16,'胶版纸','5F79D0D246AD4216AC04E9C5FAB3199E','img/book_img/22839309-1_w.jpg','img/book_img/22839309-1_b.jpg',85),

('878BE3FD089F490091E6E7D2B3334743','不完全信息下XML数据库基础','郝忠孝',55.00,37.80,6.9,'科学出版社','2011-6',1,280,48708,'2012-6-1',16,'胶版纸','84ECE401C2904DBEA560D04A581A66D9','img/book_img/54D7CE42CC2342E1979D4210FF0BEA3B-1_w.jpg','img/book_img/1CFC72FB4C9448678DB50D9D07EE00C3-1_b.jpg',109),

('89A57D099EA14026A5C3D10CFC10C22C','Java 2实用教程（第4版）（21世纪高等学校计算机基础实用规划教材）','耿祥义',39.50,31.60,8.0,'清华大学出版社','2012-8-1',4,479,782000,'2012-8-1',16,'胶版纸','5F79D0D246AD4216AC04E9C5FAB3199E','img/book_img/22844118-1_w.jpg','img/book_img/22844118-1_b.jpg',73),

('8A5B4042D5B14D6B87A34DABF327387F','Java核心技术 卷II：高级特性(第9版·英文版)(上、下册)','霍斯特曼',119.00,82.10,6.9,'人民邮电出版社','2013-7-1',1,1118,1370000,'2013-7-1',16,'胶版纸','5F79D0D246AD4216AC04E9C5FAB3199E','img/book_img/23280478-1_w.jpg','img/book_img/23280478-1_b.jpg',57),

('8CEEB40D4E9D43B4A1EC385D33CDF63A','WPS Office办公应用从入门到精通 WPS官方推荐【手机扫码看9小时同步视频 WPS官方作序推荐用书，提供2016、2019、MAC版官方软件下载 42个职场Word、Excel、PPT实用案例拿来即用，随书赠2本实物 电脑入门技能手册+快捷键速查手册】','新时代教育',69.80,58.80,8.4,'水利水电出版社','2019-01',1,374,487000,'2019-1',16,'胶版纸','F5C091B3967442A2B35EFEFC4EF8746F','img/book_img/75109B3F431646A2B8F9E9BA88E5CA82-1_w.jpg','img/book_img/790758D27A5F467392FED2BB0E68EB41-1_b.jpg',134),

('8DAB59887A834AC3B7A153B8FB0624CE',' Windows Server 2012网络操作系统（第2版）','史国川 徐 军 方星星  王 飞 束 凯 王 欢',56.00,49.28,8.8,'清华大学出版社','2019-04',1,333,68800,'2019-04',16,'胶版纸','FAB7B7F7084F4D57A0808ADC61117683','img/book_img/FF77F3E7625C47AF8659E70B580C10D9-1_w.jpg','img/book_img/6C037BB8E1AE48C7A24FB2462E6C6408-1_b.jpg',161),

('8DD0ADF2665B40899E09ED2983DC3F7B','jQuery权威指南（被公认的权威的、易学的jQuery实战教程，多次重印，热销中）','陶国荣',59.00,40.70,6.9,'机械工业出版社','2011-1-1',1,385,0,'2011-1-1',16,'胶版纸','5F79D0D246AD4216AC04E9C5FAB3199E','img/book_img/21006995-1_w_1.jpg','img/book_img/21006995-1_b.jpg',75),

('8E16D59BA4C34374A68029AE877613C4','轻量级Java EE企业应用实战（第3版）：Struts 2＋Spring 3＋Hibernate整合开发(含CD光盘1张)','李刚',99.00,68.30,6.9,'电子工业出版社','2012-4-1',1,816,1440000,'2012-4-1',16,'胶版纸','5F79D0D246AD4216AC04E9C5FAB3199E','img/book_img/22685703-1_w.jpg','img/book_img/22685703-1_b.jpg',6),

('8F1520F2CED94C679433B9C109E791CB','Java从入门到精通（实例版）（附光盘1张）（连续8月Java类全国零售排行前2名，14小时视频，732个经典实例、369项面试真题、616项测试史上最全资源库）','明日科技',69.80,47.60,6.9,'清华大学出版社','2012-9-1',1,548,986000,'2012-9-1',16,'胶版纸','5F79D0D246AD4216AC04E9C5FAB3199E','img/book_img/22862061-1_w.jpg','img/book_img/22862061-1_b.jpg',49),

('9080B4733E2D4BB7AB41630F93DE1460','网页设计与制作教程【轻松实现从表格布局和以HTML为中心的网页设计技术过渡到CSS网页设计模式中去，适应网页设计的变革和发展】','周洪建',29.00,23.20,8.0,'科学出版社','2012-08',1,174,38700,'2012-08',16,'胶版纸','757BDAB506A445EC8DEDA4CE04303B9F','img/book_img/E2A53325DCC34DFF89D487DCF550B18D-1_w.jpg','img/book_img/609C20254EC34D6AB4ADFFC36F097CD8-1_b.jpg',141),

('90E423DBE56042838806673DB3E86BD3','《Spring技术内幕（第2版）》（畅销书全新升级，Spring类图书销量桂冠，从宏观和微观两个角度解析Spring架构设计和实现原理）','计文柯',69.00,47.60,6.9,'机械工业出版社','2012-2-1',2,399,0,'2012-2-1',16,'胶版纸','5F79D0D246AD4216AC04E9C5FAB3199E','img/book_img/22606836-1_w.jpg','img/book_img/22606836-1_b.jpg',45),

('90F6A7DE3A2A4D0FA1A447A308691C14','电脑入门零基础（含盘）','昭君工作室',33.00,26.00,7.9,'机械工业出版社','2008-06',1,374,426000,'2011-6-1',16,'胶版纸','4D01FFF0CB94468EA907EF42780668AB','img/book_img/D22745C651764C71AC2982449529881F-1_w.jpg','img/book_img/42CC16851118416CAA33DE3B4E805F55-1_b.jpg',122),

('926B8F31C5D04F61A72F66679A0CCFFD','JavaScript编程精解（华章程序员书库）（JavaScript之父高度评价并强力推荐，系统学习JS首选！）','哈弗贝克',49.00,33.80,6.9,'械工业出版社','2012-9-1',1,162,0,'2012-9-1',16,'胶版纸','5F79D0D246AD4216AC04E9C5FAB3199E','img/book_img/22873894-1_w.jpg','img/book_img/22873894-1_b.jpg',70),

('95AACC68D64D4D67B1E33E9EAC22B885','Head First Java（中文版）（JAVA经典畅销书 生动有趣 轻松学好JAVA）','塞若',79.00,47.40,6.0,'中国电力出版社','2007-2-1',1,689,983000,'2001-7-2',16,'胶版纸','5F79D0D246AD4216AC04E9C5FAB3199E','img/book_img/9265169-1_w.jpg','img/book_img/9265169-1_b.jpg',13),

('95F1611F96F946B68AA5470C4A1DB6E7','电子政务数据库基础——面向21世纪电子政务专业核心课程系列教材','潘郁 ',24.00,20.40,8.5,'北京大学出版社','2005-07',1,374,48790,'2013-6-1',16,'胶版纸','A9CFBED0F77746C5BD751F2502FAB2CD','img/book_img/E45601D07283424E986102F918A5C04F-1_w.jpg','img/book_img/8A10D331F4E243CBA3B517E4BF303251-1_b.jpg',116),

('97437DAD03FA456AA7D6154614A43B55','HTML、CSS、JavaScript网页制作从入门到精通（两万读者的选择，经久不衰的超级畅销书最新升级版！网页制作学习者入门必读经典！）','刘西杰',49.00,32.90,6.7,'人民邮电出版社','2012-12-24',1,450,705000,'2012-12-24',16,'胶版纸','5F79D0D246AD4216AC04E9C5FAB3199E','img/book_img/22928649-1_w.jpg','img/book_img/22928649-1_b.jpg',3),

('9923901FBF124623BC707920D8936BC8','JavaScript DOM编程艺术(第2版)','基思',49.00,33.80,6.9,'人民邮电出版社','2011-4-1',1,286,443000,'2011-4-1',16,'胶版纸','5F79D0D246AD4216AC04E9C5FAB3199E','img/book_img/21049601-1_w_1.jpg','img/book_img/21049601-1_b.jpg',28),

('99BF63AC12AD48FCB673F1820888964E','Java Web开发实战1200例（第Ⅱ卷）（史上最全的“编程实例”类图书，代码分析、实例速查、练习巩固的绝好帮手）','无',99.00,67.40,6.8,'清华大学出版社','0',0,0,1746000,'2011-6-1',16,'胶版纸','5F79D0D246AD4216AC04E9C5FAB3199E','img/book_img/21110929-1_w_1.jpg','img/book_img/21110929-1_b.jpg',78),

('9CF633CC6ECD45DEBF6508C11885D966','中文版Dreamweaver CS6基础培训教程（第2版）','数字艺术教育研究室',45.00,40.60,9.0,'人民邮电出版社','2018-05',1,286,38700,'2018-05',16,'胶版纸','57DE3C2DDA784B81844029A28217698C','img/book_img/AC1F4D124A494BB9A17BC7A4ADAA932F-1_w.jpg','img/book_img/565A69579DDA48A19501269481603F6D-1_b.jpg',150),

('9D079876691D4CB0A975C32213CF66F7','Word+Excel+PPT+PS+移动办公office 5合1完全自学视频教程 （全彩版）','IT教育研究工作室',89.80,75.60,8.4,'水利水电出版社','2019-05',1,374,487000,'2019-12',16,'胶版纸','F5C091B3967442A2B35EFEFC4EF8746F','img/book_img/32199957BF354A1FA0A43892E80C6F83-1_w.jpg','img/book_img/B6A4220711F442C2AEF6429E6F7FFC0B-1_b.jpg',133),

('9D257176A6934CB79427CEC37E69249F','疯狂Ajax讲义（第3版）--jQuery/Ext JS/Prototype/DWR企业应用前端开发实战(含CD光盘1张)（畅销书升级版，企业应用前端开发实战指南）','李刚',79.00,54.50,6.9,'电子工业出版社','2013-2-1',1,624,997000,'2013-2-1',16,'胶版纸','5F79D0D246AD4216AC04E9C5FAB3199E','img/book_img/23184673-1_w.jpg','img/book_img/23184673-1_b.jpg',53),

('9FBD51A7C02D4F5B9862CD2EBBF5CA04','Flash ActionScript 3.0全站互动设计','刘欢 ',69.80,48.20,6.9,'人民邮电出版社','2012-10-1',1,488,760000,'2012-10-1',16,'胶版纸','5F79D0D246AD4216AC04E9C5FAB3199E','img/book_img/22886581-1_w.jpg','img/book_img/22886581-1_b.jpg',96),

('9FF423101836438F874035A48498CF45','Java编程思想（英文版·第4版）','埃克尔 ',79.00,54.50,6.9,'机械工业出版社','2007-4-1',1,1482,0,'2007-4-1',16,'胶版纸','5F79D0D246AD4216AC04E9C5FAB3199E','img/book_img/9288920-1_w.jpg','img/book_img/9288920-1_b.jpg',31),

('A065C7F8999F4385A68681405F13EFFD',' 3ds Max+V-ray图像制作基础教程(冉祥琼)','冉祥琼，顾海清',49.80,39.30,7.9,'化学工业出版社','2017-09',1,153,8700,'2017-09',16,'胶版纸','56AD72718C524147A2485E5F4A95A062','img/book_img/28BB8E2E39ED4DC882D2B294C522A471-1_w.jpg','img/book_img/E2EDA4AFFB794BE08F4D28D203B0DA4B-1_b.jpg',157),

('A3D464D1D1344ED5983920B472826730','Java Web开发详解：XML+DTD+XML Schema+XSLT+Servlet 3 0+JSP 2 2深入剖析与实例应用(含CD光盘1张)','孙鑫',119.00,61.30,5.2,'电子工业出版社','2012-5-1',1,889,1760000,'2012-5-1',16,'胶版纸','5F79D0D246AD4216AC04E9C5FAB3199E','img/book_img/22788412-1_w.jpg','img/book_img/22788412-1_b.jpg',60),

('A43EA5DD0A024C5D8B0E85D776A17D5B','Flash CS6 动画制作实战从入门到精通','新视角文化行',49.80,48.80,9.8,'人民邮电出版社','2013-04',1,374,46700,'2013-04',16,'胶版纸','DCAD0384A6444C048951C7B36C5D96EE','img/book_img/CCC7BD9E6B8E46B49665A186D3B56C11-1_w.jpg','img/book_img/45531D651A58494386745BF206FE7BCC-1_b.jpg',153),

('A46A0F48A4F649AE9008B38EA48FAEBA','Java编程全能词典(含DVD光盘2张)','明日科技',98.00,65.70,6.7,'电子工业出版社','2010-3-1',1,486,496000,'2010-3-1',32,'胶版纸','5F79D0D246AD4216AC04E9C5FAB3199E','img/book_img/20813806-1_w_1.jpg','img/book_img/20813806-1_b.jpg',90),

('A5A6F27DCD174614850B26633A0B4605','JavaScript模式','斯特凡洛夫',38.00,22.80,6.0,'中国电力出版社','2012-7-1',1,208,253000,'2012-7-1',16,'胶版纸','5F79D0D246AD4216AC04E9C5FAB3199E','img/book_img/22819430-1_w.jpg','img/book_img/22819430-1_b.jpg',61),

('A7220EF174704012830E066FDFAAD4AD','Spring 3.0就这么简单（国内原创的Java敏捷开发图书，展现作者Spring原创开源项目ROP开发的全过程，所有项目工程均以Maven组织）','陈雄华',59.00,40.70,6.9,'人民邮电出版社','2013-1-1',1,380,530000,'2013-1-1',16,'胶版纸','5F79D0D246AD4216AC04E9C5FAB3199E','img/book_img/22938474-1_w.jpg','img/book_img/22938474-1_b.jpg',77),

('A7EFD99367C9434682A790635D3C5FDF','Java Web技术整合应用与项目实战（JSP+Servlet+Struts2+Hibernate+Spring3）','张志锋',98.00,67.60,6.9,'清华大学出版社','2013-6-1',1,878,0,'2013-6-1',16,'胶版纸','5F79D0D246AD4216AC04E9C5FAB3199E','img/book_img/23266270-1_w.jpg','img/book_img/23266270-1_b.jpg',92),

('A8EF76FD21A645109538614DEA85F3F7','Java语言程序设计：基础篇（原书第8版）','梁勇',75.00,51.80,6.9,'机械工业出版社','2011-6-1',1,586,0,'2011-6-1',16,'胶版纸','5F79D0D246AD4216AC04E9C5FAB3199E','img/book_img/21122188-1_w_1.jpg','img/book_img/21122188-1_b.jpg',30),

('ACBA3C1851524BC3B310F72139B717FA','图像处理与平面设计必备软件--Photoshop CS5 详解 (现代服务领域技能型人才培养模式创新规划教材)','李凯 郑宏',49.80,48.40,9.7,'水利水电出版社','2011-08',1,164,39700,'2011-08',16,'胶版纸','65640549B80E40B1981CDEC269BFFCAD','img/book_img/40DE091C04794147BB97C08E0656095B-1_w.jpg','img/book_img/3828CAFB282E41308172E042F15CDEA8-1_b.jpg',142),

('AD6EA79CCB8240AAAF5B292AD7E5DCAA','jQuery Mobile权威指南（根据jQuery Mobile最新版本撰写的权威参考书！全面讲解jQuery Mobile的所有功能、特性、使用方法和开发技巧）','陶国荣',59.00,40.70,6.9,'机械工业出版社','2012-8-1',1,249,0,'2012-8-1',16,'胶版纸','5F79D0D246AD4216AC04E9C5FAB3199E','img/book_img/22847009-1_w.jpg','img/book_img/22847009-1_b.jpg',38),

('AD968BF71FCE4A09993B3F8F3F8AC894','正版 表哥的Access入门以Excel视角快速学习数据库知识 Excel数据处理分析office表格制作办公软件自动化函数与公式应用教程书籍','林书明',49.40,49.00,9.9,'电子工业出版社','2019-05-01',1,374,48700,'2019-6-1',16,'胶版纸','C4DD8CA232864B31A367EE135D86382C','img/book_img/051E001D76904EC0A1133D1C9C6E4A99-1_w.jpg','img/book_img/791237ECBAEE4112BD9550EFA2614975-1_b.jpg',120),

('AE0935F13A214436B8599DE285A86220','JavaScript基础教程(第8版)(经典JavaScript入门书 涵盖Ajax和jQuery)','Tom Negrino　Dori Smith',69.00,47.60,6.9,'人民邮电出版社','2012-4-1',1,392,694000,'2012-4-1',16,'胶版纸','5F79D0D246AD4216AC04E9C5FAB3199E','img/book_img/22717349-1_w.jpg','img/book_img/22717349-1_b.jpg',37),

('AF28ED8F692C4288B32CF411CBDBFC23','经典Java EE企业应用实战——基于WebLogic/JBoss的JSF+EJB 3+JPA整合开发(含CD光盘1张)','无',79.00,54.50,6.9,'电子工业出版社','2010-8-1',1,0,0,'2010-8-1',16,'胶版纸','5F79D0D246AD4216AC04E9C5FAB3199E','img/book_img/20928547-1_w_1.jpg','img/book_img/20928547-1_b.jpg',55),

('B05AA18941F7458382E8A13E9E7BBA3A','图像处理及网页制作','张芳',42.00,28.90,6.9,'西安电子科技大学出版社','2011-11',1,374,48700,'2012-1',16,'胶版纸','757BDAB506A445EC8DEDA4CE04303B9F','img/book_img/FDB6697159774683AEEC5C1A06F98C18-1_w.jpg','img/book_img/32E70A98E0F041B8B0630849A5647F0E-1_b.jpg',135),

('B0F58FBC9FC54DBEB100AABF604FD150','XML数据库技术·   以“存储一索引一查询处理一查询优化”为主线，跨越XML使能数据库 和纯XML数据库两个阵营，涵盖了XML数据库技术的各个主要方面。','万常选',28.00,22.10,7.9,'清华大学出版社','2005-1',1,174,4870,'2005-6-1',16,'胶版纸','84ECE401C2904DBEA560D04A581A66D9','img/book_img/4F38E0D0B8DC4F50AA3800E0F3ECA1F9-1_w.jpg','img/book_img/5D3F0B56660D4E74B3AF2B242518FAC4-1_b.jpg',111),

('B329A14DDEF8455F82B3FDF25821D2BB','名师讲坛——Java Web开发实战经典基础篇（JSP、Servlet、Struts、Ajax）（32小时全真课堂培训，视频超级给力！390项实例及分析，北京魔乐科技培训中心Java Web全部精华）','李兴华',69.80,48.20,6.9,'清华大学出版社','2010-8-1',1,554,819000,'2010-8-1',16,'胶版纸','5F79D0D246AD4216AC04E9C5FAB3199E','img/book_img/20915948-1_w_3.jpg','img/book_img/20915948-1_b.jpg',22),

('B7A7DA7A94E54054841EED1F70C3027C','锋利的jQuery(第2版)(畅销书升级版，增加jQuery Mobile和性能优化)','单东林',49.00,33.80,6.9,'人民邮电出版社','2012-7-1',2,380,598000,'2012-7-1',16,'胶版纸','5F79D0D246AD4216AC04E9C5FAB3199E','img/book_img/22786088-1_w.jpg','img/book_img/22786088-1_b.jpg',10),

('B9383BF74AFD48D4A0E31AD427D02111','深入解析Windows操作系统 卷I 英文版 第7版','帕维尔·尤西夫维奇（Pavel Yosifovich）[加] 亚历克斯·',128.00,125.44,9.8,'人民邮电出版社','2018-11',1,771,688000,'2018-11',16,'胶版纸','FAB7B7F7084F4D57A0808ADC61117683','img/book_img/5CD4DFEEEBAF422DB42D570613480DA8-1_w.jpg','img/book_img/33D0D66920AB461D94CB23E6E289B7A5-1_b.jpg',160),

('BA2907D4F86D4105B2580ACDA76CCEE7',' 计算机文化基础及数据库应用实验','安徽农业大学计算中心',35.00,24.20,6.9,'中国农业科技','2005-05-01',1,374,48700,'2011-6-1',16,'胶版纸','C4DD8CA232864B31A367EE135D86382C','img/book_img/35B44CB01A0B4CEDA6F6771540C43DB9-1_w.jpg','img/book_img/4502B620384A485DBB9692F74B69EFC1-1_b.jpg',121),

('BD1CB005E4A04DCA881DA8689E21D4D0','jQuery UI开发指南','Eric Sarrion',39.00,26.90,6.9,'人民邮电出版社','2012-12-1',1,212,286000,'2012-12-1',16,'胶版纸','5F79D0D246AD4216AC04E9C5FAB3199E','img/book_img/22910975-1_w.jpg','img/book_img/22910975-1_b.jpg',63),

('C23E6E8A6DB94E27B6E2ABD39DC21AF5','JavaScript:The Good Parts(影印版）','克罗克福特',28.00,19.30,6.9,'东南大学出版社','2009-1-1',1,153,181000,'2009-1-1',16,'胶版纸','5F79D0D246AD4216AC04E9C5FAB3199E','img/book_img/20412979-1_w.jpg','img/book_img/20412979-1_b.jpg',95),

('C3CF52B3ED2D4187A16754551488D733','Java从入门到精通（附光盘）','魔乐科技',59.00,35.40,6.0,'人民邮电出版社','2010-4-1',1,519,884000,'2010-4-1',16,'胶版纸','5F79D0D246AD4216AC04E9C5FAB3199E','img/book_img/20810282-1_w_1.jpg','img/book_img/20810282-1_b.jpg',29),

('C7467F24E9C8450BAE7A3B961FF35D1C','Excel 2010 SQL完全应用(含CD光盘1张) Excel疑难千寻千解丛书，ExcelTip.net出品','林盘生,李懿，陈树青，黄朝阳',69.00,47.60,6.9,'电子工业出版社','2011-08-08',1,374,48700,'2013-6-1',16,'胶版纸','F5C091B3967442A2B35EFEFC4EF8746F','img/book_img/37A57EE67787456B90543DD75AAE2111-1_w.jpg','img/book_img/EEE3CA709EBF4543A9BFD554B9B7787C-1_b.jpg',118),

('C86D3F6FACB449BEBD940D9307ED4A47','编写高质量代码：改善Java程序的151个建议(从语法、程序设计和架构、工具和框架、编码风格、编程思想5个方面探讨编写高质量Java代码的技巧、禁忌和最佳实践)','秦小波',59.00,40.70,6.9,'机械工业出版社','2012-1-1',1,303,0,'2012-1-1',16,'胶版纸','5F79D0D246AD4216AC04E9C5FAB3199E','img/book_img/22579686-1_w.jpg','img/book_img/22579686-1_b.jpg',84),

('CB0AB3654945411EA69F368D0EA91A00','JavaScript语言精粹（修订版）','道格拉斯·克罗克福德',49.00,39.20,8.0,'电子工业出版社','2012-9-1',1,155,258000,'2012-9-1',16,'胶版纸','5F79D0D246AD4216AC04E9C5FAB3199E','img/book_img/22872884-1_w.jpg','img/book_img/22872884-1_b.jpg',33),

('CC11E9CCF2C74AA8887F717E6579BA05','新手学五笔打字 Office 2016电脑办公从入门到精通 移动学习版 【五笔打字 8小时同步视频讲解 另赠送8小时Word/Excel/PPT经典案例视频+1200个技巧 电脑初学者入门书籍】','神龙工作室',49.80,44.90,9.0,'人民邮电出版社','2018-12',1,300,487000,'2018-12-19',16,'胶版纸','C4DD8CA232864B31A367EE135D86382C','img/book_img/F1DEB6DFC3E5483986908DC375DBFBF0-1_w.jpg','img/book_img/3AC198795E5A446699893608A87ACB09-1_b.jpg',131),

('CD8E3C90BBD24D5AB922EFD459B92AC0','Adobe Dreamweaver CC 2019经典教程【Adobe Dreamweaver CC网页制作官方经典教程 网页制作书籍 网页设计 畅销全球20年的品牌图书 全世界27种语言发行】','吉姆 马伊瓦尔德（Jim Maivald）',89.00,80.30,9.0,'人民邮电出版社','2019-12',1,390,58700,'2019-12',16,'胶版纸','57DE3C2DDA784B81844029A28217698C','img/book_img/033630055DB64861BFDB42872F04981E-1_w.jpg','img/book_img/AC94E60C1A1F46CFB927A9AEF3C26877-1_b.jpg',149),

('CD913617EE964D0DBAF20C60076D32FB','名师讲坛——Java开发实战经典（配光盘）（60小时全真课堂培训，视频超级给力！790项实例及分析，北京魔乐科技培训中心Java全部精华）','李兴华',79.80,55.10,6.9,'清华大学出版社','2009-8-1',1,831,1222000,'2012-8-1',16,'胶版纸','5F79D0D246AD4216AC04E9C5FAB3199E','img/book_img/20637368-1_w_2.jpg','img/book_img/20637368-1_b_2.jpg',19),

('CE01F15D435A4C51B0AD8202A318DCA7','Java编程思想（第4版）','布鲁斯.艾克尔',108.00,74.50,6.9,'机械工业出版社','2007-6-1',1,880,0,'2007-6-1',0,'胶版纸','5F79D0D246AD4216AC04E9C5FAB3199E','img/book_img/9317290-1_w.jpg','img/book_img/9317290-1_b.jpg',2),

('CF5546769F2842DABB2EF7A00D51F255','jQuery开发从入门到精通（配套视频327节，中小实例232个，实战案例7个商品详情手册11部，网页模版83类）（附1DVD）','袁江',79.80,55.10,6.9,'清华大学出版社','2013-6-1',1,619,1109000,'2013-6-1',16,'胶版纸','5F79D0D246AD4216AC04E9C5FAB3199E','img/book_img/23263012-1_w.jpg','img/book_img/23263012-1_b.jpg',43),

('D0DA36CEE42549FFB299B7C7129761D5','Java应用架构设计：模块化模式与OSGi(全球资深Java技术专家的力作，系统、全面地讲解如何将模块化设计思想引入开发中，涵盖18个有助于实现模块化软件架构的模式)','克内恩席尔德',69.00,47.60,6.9,'机械工业出版社','2013-9-1',1,251,0,'2013-9-1',16,'胶版纸','5F79D0D246AD4216AC04E9C5FAB3199E','img/book_img/23339643-1_w.jpg','img/book_img/23339643-1_b.jpg',26),

('D0E69F85ACAB4C15BB40966E5AA545F1','Java并发编程实战（第16届Jolt大奖提名图书，Java并发编程必读佳作','Brian Goetz',69.00,47.60,6.9,'机械工业出版社','2012-2-1',1,290,0,'2012-2-1',32,'胶版纸','5F79D0D246AD4216AC04E9C5FAB3199E','img/book_img/22606835-1_w.jpg','img/book_img/22606835-1_b.jpg',15),

('D2ABA8B06C524632846F27C34568F3CE','Java 经典实例','达尔文',98.00,67.60,6.9,'中国电力出版社','2009-2-1',1,784,805000,'2009-2-1',16,'胶版纸','5F79D0D246AD4216AC04E9C5FAB3199E','img/book_img/20500255-1_w.jpg','img/book_img/20500255-1_b.jpg',62),

('D70BB8ADA0284B0B9024C2043887B9AF','新编电脑组装与硬件维修从入门到精通  (电脑硬件入门书 完成从新手到高手的蜕变 详解笔记本电脑台式电脑装机维护 电脑主机故障处理技能实训 全程同步教学录像)','龙马高新教育',69.80,63.00,9.0,'人民邮电出版社','2017-03',1,374,487000,'2017-6-1',16,'胶版纸','4D01FFF0CB94468EA907EF42780668AB','img/book_img/B815EA1CEE904AB390A0B361964B6112-1_w.jpg','img/book_img/D8F51282E449471F97F270D17127191A-1_b.jpg',125),

('D8723405BA054C13B52357B8F6AEEC24','深入理解Java虚拟机：JVM高级特性与最佳实践（第2版）','周志明',79.00,54.50,6.9,'机械工业出版社','2013-6-1',2,433,0,'2013-6-1',16,'胶版纸','5F79D0D246AD4216AC04E9C5FAB3199E','img/book_img/23259731-1_w.jpg','img/book_img/23259731-1_b.jpg',14),

('DC36FD53A1514312A0A9ADD53A583886','JavaScript异步编程：设计快速响应的网络应用【掌握JavaScript异步编程必杀技，让代码更具响应度！ 】','Trevor Burnham ',32.00,22.10,6.9,'人民邮电出版社','2013-6-1',1,118,98000,'2013-5-23',32,'胶版纸','5F79D0D246AD4216AC04E9C5FAB3199E','img/book_img/23252196-1_w.jpg','img/book_img/23252196-1_b.jpg',72),

('DCB64DF0084E486EBF173F729A3A630A','Java设计模式(第2版)','Steven John Metsker',75.00,51.80,6.9,'电子工业出版社','2012-9-1',1,0,0,'2012-9-1',16,'胶版纸','5F79D0D246AD4216AC04E9C5FAB3199E','img/book_img/22868759-1_w.jpg','img/book_img/22868759-1_b.jpg',76),

('DD9354966E3F4452B1B90263F79917CC',' Visual C++数据库通用模块开发与系统移植（附光盘）','侯其锋，李晓华，李莎',48.00,47.04,9.8,'清华大学出版社','2007-5',1,280,56789,'2010-3',16,'胶版纸','922E6E2DB04143D39C9DDB26365B3EE8','img/book_img/ADD3AC7C62434ED9A51E0A4F50B2B028-1_w.jpg','img/book_img/2A64A132F91C4243A87AD1CC8722F78E-1_b.jpg',105),

('DEE7BDC7E0E343149E3C3601D2658171','疯狂HTML 5/CSS 3/JavaScript讲义(含CD光盘1张)','李刚',69.00,47.60,6.9,'电子工业出版社','2012-5-1',1,500,819000,'2012-5-1',16,'胶版纸','5F79D0D246AD4216AC04E9C5FAB3199E','img/book_img/22783904-1_w.jpg','img/book_img/22783904-1_b.jpg',21),

('DF4E74EEE89B43229BB8212F0B858C38','精通Hibernate：Java对象持久化技术详解（第2版）(含光盘1张)','孙卫琴',75.00,51.80,6.9,'电子工业出版社','2010-2-1',1,695,1148800,'2010-2-1',16,'胶版纸','5F79D0D246AD4216AC04E9C5FAB3199E','img/book_img/20773347-1_w_1.jpg','img/book_img/20773347-1_b.jpg',39),

('E10ED5A2237544098560EFCC92E152FF',' Flash动画设计经典100例','王智强',75.00,75.00,0.0,'中国电力出版社','2017-05',1,255,18700,'2017-05',16,'胶版纸','DCAD0384A6444C048951C7B36C5D96EE','img/book_img/06C94826F61344559C65523F7A061B0E-1_w.jpg','img/book_img/5F4A549D872C40379FEA161EE1945AFF-1_b.jpg',156),

('E4F184188C8B4C7BB32D4E76603426AC','疯狂Java讲义（第2版，附光盘）','李刚',109.00,75.20,6.9,'电子工业出版社','2012-1-1',1,844,1747000,'2012-1-1',16,'胶版纸','5F79D0D246AD4216AC04E9C5FAB3199E','img/book_img/22588603-1_w.jpg','img/book_img/22588603-1_b.jpg',7),

('E69EDD869BF541DBB4271F5DC9E454AE','动漫设计与图像处理（Photoshop CS4与Flash CS4案例教程）','于斌，胡成伟',39.00,35.10,9.0,'机械工业出版社','2015-06',1,267,29700,'2015-06',16,'胶版纸','65640549B80E40B1981CDEC269BFFCAD','img/book_img/E56AC9620A7248939DC198658296C5B5-1_w.jpg','img/book_img/456E38C8214D470A9003512717FECE23-1_b.jpg',145),

('E8736A7FEB02456288935C8E974EAC79','Flash CC动画制作与设计实战从入门到精通 （视频教学版）','刘玉红、侯永岗',68.00,46.92,6.9,'清华大学出版社','2017-01',1,455,48700,'2017-01',16,'胶版纸','DCAD0384A6444C048951C7B36C5D96EE','img/book_img/AC4699DF92CB468E9EAC5BEB59BB3947-1_w.jpg','img/book_img/A8E0571358B54D3AAA4757EC74F7DE88-1_b.jpg',155),

('E9761BF059244034BA5A9BD4D51B09B6','Dreamweaver CC网页设计与制作（配光盘）（学以致用系列丛书）','智云科技',45.00,40.60,6.9,'清华大学出版社','2015-01',1,286,38700,'2015-01',16,'胶版纸','57DE3C2DDA784B81844029A28217698C','img/book_img/FC07E7510BBA4ACC9FE0635C94B11265-1_w.jpg','img/book_img/19F372F77A3F444C9DA27E6B7C01E5A7-1_b.jpg',151),

('E9D4EDF8C0174DD4BD8F5643954F56BB','图形图像处理案例教程（Photoshop CS6）','王兵',34.00,34.00,0.0,'中国铁道出版社','2015-02',1,367,89700,'2015-02',16,'胶版纸','65640549B80E40B1981CDEC269BFFCAD','img/book_img/CE2C0BDA9FF74B399750B28F5DE848FC-1_w.jpg','img/book_img/FAD6C4DB9D91445497AF64B5D77DBE7F-1_b.jpg',144),

('EA695342393C4BE48B831FA5E6B0E5C4','编写可维护的JavaScript《JavaScript高级程序设计》作者Nicholas Zakas最新力作，构建编码风格手册，帮助开发团队从“游击队”走向“正规军”）','Nicholas C. Zakas',55.00,38.00,6.9,'人民邮电出版社','2013-4-1',1,227,400000,'2013-4-1',16,'胶版纸','5F79D0D246AD4216AC04E9C5FAB3199E','img/book_img/23200995-1_w.jpg','img/book_img/23200995-1_b.jpg',59),

('ECAB82E424A145C2A384B7F10223F8D4',' C#程序设计实用教程（第2版）围绕面向对象编程的基础及深入、可视化编程的基础及深入、数据库编程及应用三个方面进行重点论述','黄兴荣、李昌领、李继良',49.50,49.50,0.0,'清华大学出版社','2016-6',1,374,487900,'2017-6-1',16,'胶版纸','922E6E2DB04143D39C9DDB26365B3EE8','img/book_img/4CD6C215637B49A58EBDF7B68524D1C3-1_w.jpg','img/book_img/3301238E3B20493DAA96EE532548BB20-1_b.jpg',103),

('ED580C3B682A4A499F9DA5B26DB18080','Photoshop图像处理与设计','李美满、周奇、张斌、周东',34.90,34.90,0.0,'清华大学出版社','2015-01',1,274,28700,'2015-01',16,'胶版纸','65640549B80E40B1981CDEC269BFFCAD','img/book_img/C9F3810BD6F343319ECFC6549CFD6CA4-1_w.jpg','img/book_img/FEEDE2E73D0B44DBBDCDD7BDE6283D37-1_b.jpg',146),

('F0E34313BF304CCEBF198BD4E05307B8','jQuery Cookbook中文版（jQuery之父鼎力推荐，社区数十位专家倾情力作','jQuery社区专家组',69.00,47.60,6.9,'人民邮电出版社','2013-5-1',1,425,573000,'2013-5-1',16,'胶版纸','5F79D0D246AD4216AC04E9C5FAB3199E','img/book_img/23219358-1_w.jpg','img/book_img/23219358-1_b.jpg',87),

('F18E14B1056A44EBBE2F0A9815FC92CE','笔记本电脑维修从入门到精通','高宏泽',79.00,62.40,7.9,'机械工业出版社','2015-04',1,374,487000,'2017-6-1',16,'胶版纸','4D01FFF0CB94468EA907EF42780668AB','img/book_img/51764B1114374C499F78777266E3E752-1_w.jpg','img/book_img/0DEAD5D4A3944391B2808799B22F2438-1_b.jpg',126),

('F6162799E913423EA5CB57BEC65AB1E9','JUnit实战(第2版)','塔凯文',79.00,54.50,6.9,'人民邮电出版社','2012-4-1',1,442,640000,'2012-4-1',16,'胶版纸','5F79D0D246AD4216AC04E9C5FAB3199E','img/book_img/22633574-1_w.jpg','img/book_img/22633574-1_b.jpg',80),

('F693239BC3B3444C8538ABE7411BB38E','Java Web典型模块与项目实战大全（配光盘）','常建功',99.50,68.70,6.9,'清华大学出版社','2011-1-1',1,922,1473000,'2011-1-1',16,'胶版纸','5F79D0D246AD4216AC04E9C5FAB3199E','img/book_img/20988080-1_w_1.jpg','img/book_img/20988080-1_b.jpg',41),

('F78C94641DB4475BBA1E72A07DF9B3AE','JAVA面向对象编程','孙卫琴 ',65.80,45.40,6.9,'电子工业出版社','2006-7-1',1,625,1030400,'2006-7-1',16,'胶版纸','5F79D0D246AD4216AC04E9C5FAB3199E','img/book_img/9186890-1_w.jpg','img/book_img/9186890-1_b.jpg',69),

('F8A2E7517F7C44AF876C74E6CEE252A9','【全3册】图像工程 上册 图像处理+中册 图像分析+下册 图像理解 章毓晋 图像领域必读经#图像分析','章毓晋',257.00,208.00,8.1,'清华大学出版社','2018-07',1,474,487000,'2019-1',16,'胶版纸','757BDAB506A445EC8DEDA4CE04303B9F','img/book_img/7F86FE7F04BB4314ACAF75FB31D59291-1_w.jpg','img/book_img/9EF5AF255F5043F3BBF2852E49B5D220-1_b.jpg',136),

('FC232CD9B6E6411BBBB1A5B781D2C3C9','Java与模式(含盘)（超多实例和习题，详解设计原则与设计模式）','阎宏',88.00,60.70,6.9,'电子工业出版社','2002-10-1',1,1024,16704000,'2002-10-1',16,'胶版纸','5F79D0D246AD4216AC04E9C5FAB3199E','img/book_img/696673-1_w.jpg','img/book_img/696673-1_b.jpg',67),

('FEC3740CF30E442A94021911A25EF0D7','Spring攻略(第2版)(Spring攻略(第2版))','Gary Mak　Josh Long　Daniel Rubio',128.00,88.30,6.9,'人民邮电出版社','2012-3-1',1,938,1322000,'2012-3-1',16,'胶版纸','5F79D0D246AD4216AC04E9C5FAB3199E','img/book_img/22623020-1_w.jpg','img/book_img/22623020-1_b.jpg',82),

('FFABBED1E5254BC0B2726EC4ED8ACCDA','深入理解OSGi：Equinox原理、应用与最佳实践（《深入理解Java虚拟机》作者新作！全面解读最新OSGi R5.0规范，深入讲解OSGi原理和服务，以及Equinox框架的用法和原理）','周志明',79.00,54.50,6.9,'机械工业出版社','2013-2-1',1,414,0,'2013-2-1',16,'胶版纸','5F79D0D246AD4216AC04E9C5FAB3199E','img/book_img/23179003-1_w.jpg','img/book_img/23179003-1_b.jpg',47);

/*Table structure for table `cartitem` */

DROP TABLE IF EXISTS `cartitem`;

CREATE TABLE `cartitem` (
  `cartItemId` char(32) NOT NULL,
  `quantity` int(11) DEFAULT NULL,
  `bid` char(32) DEFAULT NULL,
  `uid` char(32) DEFAULT NULL,
  `orderBy` int(11) NOT NULL AUTO_INCREMENT,
  PRIMARY KEY (`cartItemId`),
  KEY `orderBy` (`orderBy`),
  KEY `FK_cartitem_user` (`uid`),
  KEY `FK_cartitem_book` (`bid`),
  CONSTRAINT `FK_cartitem_book` FOREIGN KEY (`bid`) REFERENCES `book` (`bid`),
  CONSTRAINT `FK_cartitem_user` FOREIGN KEY (`uid`) REFERENCES `user` (`uid`)
) ENGINE=InnoDB AUTO_INCREMENT=2 DEFAULT CHARSET=utf8;

/*Data for the table `cartitem` */

insert  into `cartitem`(`cartItemId`,`quantity`,`bid`,`uid`,`orderBy`) values 

('565B59FE56004F8D95E208CBF050022F',3,'5C4A6F0F4A3B4672AD8C5F89BF5D37D2','531D8A16D524478D86F8A115FE95D93F',1);

/*Table structure for table `category` */

DROP TABLE IF EXISTS `category`;

CREATE TABLE `category` (
  `cid` char(32) NOT NULL,
  `cname` varchar(50) DEFAULT NULL,
  `pid` char(32) DEFAULT NULL,
  `desc` varchar(100) DEFAULT NULL,
  `orderBy` int(11) NOT NULL AUTO_INCREMENT,
  PRIMARY KEY (`cid`),
  UNIQUE KEY `cname` (`cname`),
  KEY `FK_category_category` (`pid`),
  KEY `orderBy` (`orderBy`),
  CONSTRAINT `FK_category_category` FOREIGN KEY (`pid`) REFERENCES `category` (`cid`)
) ENGINE=InnoDB AUTO_INCREMENT=29 DEFAULT CHARSET=utf8;

/*Data for the table `category` */

insert  into `category`(`cid`,`cname`,`pid`,`desc`,`orderBy`) values 

('1','程序设计',NULL,'程序设计分类',1),

('2','办公室用书',NULL,'办公室用书',2),

('3','图形 图像 多媒体',NULL,'图形图像多媒体',3),

('4','操作系统/系统开发',NULL,'操作系统/系统开发',4),

('458795C27E7346A8A5F1B942319297E0','系统开发','4','系统开发分类',5),

('4D01FFF0CB94468EA907EF42780668AB','购买指南 组装指南 维修','2','购买指南 组装指南 维修分类',6),

('5','数据库',NULL,'数据库',7),

('56AD72718C524147A2485E5F4A95A062','3DS MAX','3','3DS MAX分类',8),

('57DE3C2DDA784B81844029A28217698C','Dreamweaver','3','Dreamweaver分类',9),

('5F79D0D246AD4216AC04E9C5FAB3199E','Java Javascript','1','Java Javascript分类',10),

('6','网络与数据通讯',NULL,'网络与数据通讯!',11),

('65640549B80E40B1981CDEC269BFFCAD','Photoshop','3','Photoshop分类',12),

('65830AB237EF428BAE9B7ADC78A8D1F6','Unix','4','Unix分类',13),

('757BDAB506A445EC8DEDA4CE04303B9F','网页设计','3','网页设计分类',14),

('84ECE401C2904DBEA560D04A581A66D9','HTML XML','1','HTML XML分类',15),

('922E6E2DB04143D39C9DDB26365B3EE8','C C++ VC VC++','1','C C++ VC VC++分类',16),

('96F209F79DB242E9B99CC1B98FAB01DB','数据库理论','5','数据库理论分类',17),

('A9CFBED0F77746C5BD751F2502FAB2CD','电子商务 电子政务','6','电子商务 电子政务分类',18),

('B596ECE0F9BF40288F40A66B35551806','Flush','3','Flush分类',19),

('B92ED191DBE647BE8F75721FB231E207','因特网 电子邮件','2','因特网 电子邮件分类',20),

('C3F9FAAF4EA64857ACFAB0D9C8D0E446','PHP','1','PHP分类',21),

('C4DD8CA232864B31A367EE135D86382C','计算机初级入门','2','计算机初级入门分类',22),

('C8E274EE5C99499080A98E24F0BD2E03','.NET','1','.NET分类',23),

('D45D96DA359A4FEAB3AB4DCF2157FC06','JSP','1','JSP分类',24),

('DCAD0384A6444C048951C7B36C5D96EE','Flash','3','Flash分类',25),

('F4FBD087EB054CA1896093F172AC33D9','数据仓库与数据挖掘','5','数据仓库与数据挖掘分类',26),

('F5C091B3967442A2B35EFEFC4EF8746F','微软Office','2','微软Office分类',27),

('FAB7B7F7084F4D57A0808ADC61117683','Windows','4','Windows分类',28);

/*Table structure for table `order` */

DROP TABLE IF EXISTS `order`;

CREATE TABLE `order` (
  `oid` char(32) NOT NULL COMMENT '主键',
  `ordertime` char(19) DEFAULT NULL COMMENT '下单时间',
  `total` decimal(10,2) DEFAULT NULL COMMENT '合计金额',
  `status` int(11) DEFAULT NULL COMMENT '订单状态：1 未付款、2 未发货、3 未收货、4 交易成功、5 已取消',
  `address` varchar(1000) DEFAULT NULL COMMENT '收货地址',
  `uid` char(32) DEFAULT NULL COMMENT '当前会员id',
  PRIMARY KEY (`oid`),
  KEY `FK_order_user` (`uid`),
  CONSTRAINT `FK_order_user` FOREIGN KEY (`uid`) REFERENCES `user` (`uid`)
) ENGINE=InnoDB DEFAULT CHARSET=utf8;

/*Data for the table `order` */

insert  into `order`(`oid`,`ordertime`,`total`,`status`,`address`,`uid`) values 

('058F48DA33694C6D8F5C2C13F3D26CEA','2013-12-26 21:47:04',95.30,1,'李女士 广东省 揭阳市 揭东县 xxx xxx xxx','32DB3700D2564254982BC58B0E4D95BC'),

('065056EFA3914273B6B266A2414A38FA','2014-01-01 17:04:19',74.50,4,'王先生 北京市 北京市 宣武区 xxx xxx xxx','32DB3700D2564254982BC58B0E4D95BC'),

('0A1F4C5BDE754277B984D1E7E763051D','2014-01-16 15:18:47',41.30,5,'北京市 昌平区 西三旗 金燕龙办公楼1层  张三','32DB3700D2564254982BC58B0E4D95BC'),

('0ADCEE0510844D2697E7A5C0903A8D3B','2014-01-16 15:13:03',41.30,5,'北京市 昌平区 西三旗 金燕龙办公楼1层  张三','32DB3700D2564254982BC58B0E4D95BC'),

('0B657B624D8D4B919B7E5F175AA90530','2014-01-16 15:06:20',41.30,1,'北京市 昌平区 西三旗 金燕龙办公楼1层  张三','32DB3700D2564254982BC58B0E4D95BC'),

('0CA1A9B0287C43B2AA9435F11F237E9B','2014-02-06 15:21:27',41.30,3,'广州市 番禺区 市良路 办公楼1层  张三','531D8A16D524478D86F8A115FE95D93F'),

('0CD9939DC9AE4DA2A12F772293F55A4B','2014-01-16 15:12:04',41.30,1,'北京市 昌平区 西三旗 金燕龙办公楼1层  张三','32DB3700D2564254982BC58B0E4D95BC'),

('0FBC5F415EF94161AF2937A07EFD8DE8','2014-01-01 14:18:14',74.50,4,'王先生 北京市 北京市 宣武区 xxx xxx xxx','32DB3700D2564254982BC58B0E4D95BC'),

('0FD72F77655D43E2B7989892E965864D','2013-12-30 20:05:53',88.70,1,'王先生 北京市 北京市 宣武区 xxx xxx xxx','32DB3700D2564254982BC58B0E4D95BC'),

('148668BE43754CE2B64A0AC999C5A2D5','2014-01-16 14:51:08',148.70,1,'北京市 昌平区 西三旗 金燕龙办公楼1层  张三','32DB3700D2564254982BC58B0E4D95BC'),

('159B58B3BBCB4069A550BF1A358B4905','2014-02-07 01:17:28',41.30,2,'广州市 番禺区 市良路 办公楼1层  张三','531D8A16D524478D86F8A115FE95D93F'),

('15A89AB272394F359EA26A2E15F13405','2013-12-30 20:06:20',74.50,5,'王先生 北京市 北京市 宣武区 xxx xxx xxx','32DB3700D2564254982BC58B0E4D95BC'),

('161A05BEBBAA468199131EAD175CCFEA','2014-01-16 14:58:34',41.30,1,'北京市 昌平区 西三旗 金燕龙办公楼1层  张三','32DB3700D2564254982BC58B0E4D95BC'),

('1AFEC52D72C74266A6E36F83F9910B4F','2014-01-16 15:12:20',74.50,5,'北京市 昌平区 西三旗 金燕龙办公楼1层  张三','32DB3700D2564254982BC58B0E4D95BC'),

('1D640078E4A64AC987FEA7299B57A2F6','2014-01-01 13:57:41',74.50,4,'关羽 云南省 曲靖市 宣威市 11 11 11 11 xx','32DB3700D2564254982BC58B0E4D95BC'),

('2AFD7DC9619548BA8727464D77AFB9C2','2014-01-16 14:59:33',41.30,1,'北京市 昌平区 西三旗 金燕龙办公楼1层  张三','32DB3700D2564254982BC58B0E4D95BC'),

('2D9FF0BFB82842CFAA4B623D5997BF1F','2014-01-01 14:17:47',74.50,4,'王先生 北京市 北京市 宣武区 xxx xxx xxx','32DB3700D2564254982BC58B0E4D95BC'),

('303E12F4821A4B3F9DB97B23947220C7','2013-12-26 22:00:41',82.10,2,'李女士 广东省 揭阳市 揭东县 xxx xxx xxx','32DB3700D2564254982BC58B0E4D95BC'),

('3143492834294128ADCFD1DAC3530396','2014-01-01 14:16:54',74.50,4,'王先生 北京市 北京市 宣武区 xxx xxx xxx','32DB3700D2564254982BC58B0E4D95BC'),

('32739173C1E247558358B1A8FE9FE012','2014-01-16 15:04:11',41.30,1,'北京市 昌平区 西三旗 金燕龙办公楼1层  张三','32DB3700D2564254982BC58B0E4D95BC'),

('33D163070CE74936966AE177F3E09B20','2014-01-01 17:04:02',74.50,4,'王先生 北京市 北京市 宣武区 xxx xxx xxx','32DB3700D2564254982BC58B0E4D95BC'),

('49127E9642C5474FA8F2139204DE571C','2014-01-01 14:17:58',74.50,4,'王先生 北京市 北京市 宣武区 xxx xxx xxx','32DB3700D2564254982BC58B0E4D95BC'),

('4A4DF31FA315442DB50E52387B4C9E9E','2020-02-23 17:10:42',250.30,1,'广州市 番禺区 市良路 办公楼1层  张三','531D8A16D524478D86F8A115FE95D93F'),

('4B49D55D2CD34DB480A2CDF1A78858E8','2014-01-01 14:18:34',74.50,4,'王先生 北京市 北京市 宣武区 xxx xxx xxx','32DB3700D2564254982BC58B0E4D95BC'),

('553AFF48D76A48AD89ED3FE8F7E2F587','2013-12-26 21:54:43',109.00,4,'张小姐 上海市 上海市 浦东新区 xxx xxx xxx xxx','32DB3700D2564254982BC58B0E4D95BC'),

('5668668DAB1F4406819D37881BC5D5B1','2014-01-02 10:23:14',95.30,4,'李四 西藏 昌都地区 八宿县 xx xx xxx xxx','32DB3700D2564254982BC58B0E4D95BC'),

('57197A448F9A4F15B76B1ED1EB3A15E6','2014-01-16 14:56:58',41.30,1,'北京市 昌平区 西三旗 金燕龙办公楼1层  张三','32DB3700D2564254982BC58B0E4D95BC'),

('574A31876CA246D4A10C0600EF5CF8A5','2014-02-06 15:08:23',74.50,2,'广州市 番禺区 市良路 办公楼1层  张三','531D8A16D524478D86F8A115FE95D93F'),

('57856B1A295B437CA0F7991540897B47','2014-01-16 15:11:26',41.30,1,'北京市 昌平区 西三旗 金燕龙办公楼1层  张三','32DB3700D2564254982BC58B0E4D95BC'),

('59A15DD3A0704508B1C2BC9B682A329F','2014-02-07 16:55:40',68.30,4,'广州市 番禺区 市良路 办公楼1层  张三','531D8A16D524478D86F8A115FE95D93F'),

('5D39377E88E049F8BA19173BAFF295CB','2014-01-01 14:18:39',74.50,4,'李女士 广东省 揭阳市 揭东县 xxx xxx xxx','32DB3700D2564254982BC58B0E4D95BC'),

('5FB1E131DD294CBBA34FE93228DF2F02','2014-01-16 14:48:48',279.10,1,'北京市 昌平区 西三旗 金燕龙办公楼1层  张三','32DB3700D2564254982BC58B0E4D95BC'),

('605B9D163C1345B6A636D80720794CE8','2014-01-01 14:17:02',74.50,4,'李女士 广东省 揭阳市 揭东县 xxx xxx xxx','32DB3700D2564254982BC58B0E4D95BC'),

('6504C742FE65413494E028E714D4D609','2014-01-16 14:54:43',41.30,1,'北京市 昌平区 西三旗 金燕龙办公楼1层  张三','32DB3700D2564254982BC58B0E4D95BC'),

('673170D78D9D4EE6AE083167CFB81C1A','2014-02-06 15:34:44',68.30,3,'广州市 番禺区 市良路 办公楼1层  张三','531D8A16D524478D86F8A115FE95D93F'),

('674878FE6CAB48918DB4A9688262FBD5','2014-01-16 15:10:23',41.30,1,'北京市 昌平区 西三旗 金燕龙办公楼1层  张三','32DB3700D2564254982BC58B0E4D95BC'),

('6C921E50C3E54EA0AFD8CC4B661963AD','2014-02-07 00:40:36',41.30,1,'广州市 番禺区 市良路 办公楼1层  张三','531D8A16D524478D86F8A115FE95D93F'),

('7237A47B1B5B4A78822D662AE01671B6','2014-02-08 10:10:21',115.80,5,'广州市 番禺区 市良路 办公楼1层  张三','531D8A16D524478D86F8A115FE95D93F'),

('75B7D65D4F5A43CD83605FDE38D7E10C','2014-01-01 14:17:33',149.00,4,'王先生 北京市 北京市 宣武区 xxx xxx xxx','32DB3700D2564254982BC58B0E4D95BC'),

('7858221EA1DF4B318A632A9C1CD3E1F7','2014-01-16 15:02:13',41.30,1,'北京市 昌平区 西三旗 金燕龙办公楼1层  张三','32DB3700D2564254982BC58B0E4D95BC'),

('7B3FA2910C9149829AB1EF3A39C4785F','2013-12-31 23:37:41',74.50,1,'王先生 北京市 北京市 宣武区 xxx xxx xxx','32DB3700D2564254982BC58B0E4D95BC'),

('81B493E2901943B69E5F050C16C38EFD','2020-03-21 20:35:09',190.60,5,'广州市 番禺区 市良路 办公楼1层  张三','531D8A16D524478D86F8A115FE95D93F'),

('8A3F0F9E5F554799B9AB5287E5C8018B','2020-03-21 20:34:18',89.80,1,'广州市 番禺区 市良路 办公楼1层  张三','531D8A16D524478D86F8A115FE95D93F'),

('8BB662E4C0444BC88F1DBE82584595BC','2013-12-31 23:35:44',33.80,4,'王先生 北京市 北京市 宣武区 xxx xxx xxx','32DB3700D2564254982BC58B0E4D95BC'),

('93576BB2F43C47F89B4DD7B91F5DF5E3','2014-01-01 14:18:21',74.50,4,'王先生 北京市 北京市 宣武区 xxx xxx xxx','32DB3700D2564254982BC58B0E4D95BC'),

('96C6D91D916E472681EEC37B1770DE87','2013-12-31 23:37:06',67.60,4,'王先生 北京市 北京市 宣武区 xxx xxx xxx','32DB3700D2564254982BC58B0E4D95BC'),

('9721A3FBC37D490588AEE02F761744E2','2014-01-01 14:17:21',74.50,4,'王先生 北京市 北京市 宣武区 xxx xxx xxx','32DB3700D2564254982BC58B0E4D95BC'),

('984468779C164A6098A7FE7EECE9E273','2014-01-16 15:16:15',41.30,5,'北京市 昌平区 西三旗 金燕龙办公楼1层  张三','32DB3700D2564254982BC58B0E4D95BC'),

('9E121F39C5B84125BC7614AD508A393A','2020-02-23 18:38:31',33.80,1,'广州市 番禺区 市良路 办公楼1层  张三','531D8A16D524478D86F8A115FE95D93F'),

('9E1C0A9FDF1F49B18FA0BFA33E132BDD','2014-01-16 15:05:33',41.30,1,'北京市 昌平区 西三旗 金燕龙办公楼1层  张三','32DB3700D2564254982BC58B0E4D95BC'),

('A2DB4A7B4EA640ADA63F22A7E8311F4B','2014-01-16 14:51:51',148.70,1,'北京市 昌平区 西三旗 金燕龙办公楼1层  张三','32DB3700D2564254982BC58B0E4D95BC'),

('A4412F1DBAE64E6195BBFAF51312FABE','2020-03-21 20:44:00',33.37,1,'广州市 番禺区 市良路 办公楼1层  张三','531D8A16D524478D86F8A115FE95D93F'),

('B359964B10F94E62946C7FBD89E40A6D','2020-02-23 17:17:10',250.30,5,'广州市 番禺区 市良路 办公楼1层  张三','531D8A16D524478D86F8A115FE95D93F'),

('B62C7C1BA61C47C4BCEC4BE96897A72C','2014-01-16 15:16:07',41.30,1,'北京市 昌平区 西三旗 金燕龙办公楼1层  张三','32DB3700D2564254982BC58B0E4D95BC'),

('B69C6849120D4B28A6CCF99351B88575','2014-02-05 18:56:02',366.00,3,'广州市 番禺区 市良路 办公楼1层  张三','531D8A16D524478D86F8A115FE95D93F'),

('BB7789E41C524030832B7E5E426633E7','2014-02-05 18:55:39',115.80,2,'广州市 番禺区 市良路 办公楼1层  张三','531D8A16D524478D86F8A115FE95D93F'),

('BD1BD9AB58B1413FA0BDC0AACCC8C65F','2013-12-26 21:40:48',81.40,1,'王先生 北京市 北京市 宣武区 xxx xxx xxx','32DB3700D2564254982BC58B0E4D95BC'),

('BDB995AF80D34716ABB9D10CB6962F87','2013-12-27 11:58:17',32.90,3,'李女士 广东省 揭阳市 揭东县 xxx xxx xxx','32DB3700D2564254982BC58B0E4D95BC'),

('BE24BB4187B1472AA08E206BF8B0ABF7','2013-12-30 20:08:10',47.60,3,'王先生 北京市 北京市 宣武区 xxx xxx xxx','32DB3700D2564254982BC58B0E4D95BC'),

('C0841F4DFE7A43BFB183E4E82AE7914C','2014-01-01 13:48:07',74.50,4,'刘备 西藏 那曲地区 巴青县 xxx xxx xxx xxx x','32DB3700D2564254982BC58B0E4D95BC'),

('C137BAAC27A44507895CE9562BDC6644','2020-02-28 19:20:32',89.30,1,'广州市 番禺区 市良路 办公楼1层  张三','531D8A16D524478D86F8A115FE95D93F'),

('C34F025EF6BB4B88A8409B00A0ABC891','2014-01-16 15:02:45',41.30,1,'北京市 昌平区 西三旗 金燕龙办公楼1层  张三','32DB3700D2564254982BC58B0E4D95BC'),

('C4A1E40F2F514684BCD97F9EE76A701F','2014-01-01 14:16:38',74.50,4,'王先生 北京市 北京市 宣武区 xxx xxx xxx','32DB3700D2564254982BC58B0E4D95BC'),

('C6F8379F9E3E4F8381763B54E5BF986C','2014-02-07 11:02:37',41.30,2,'广州市 番禺区 市良路 办公楼1层  张三','531D8A16D524478D86F8A115FE95D93F'),

('CBB735CB5F084C1BB80FF5998F811E63','2014-01-01 14:18:45',74.50,4,'王先生 北京市 北京市 宣武区 xxx xxx xxx','32DB3700D2564254982BC58B0E4D95BC'),

('CE537015382640E1AE15B9A8FD08B9EE','2013-12-26 21:53:34',41.30,5,'李女士 广东省 揭阳市 揭东县 xxx xxx xxx','32DB3700D2564254982BC58B0E4D95BC'),

('D929BD17AB374B49B61B93AF9A194D1A','2013-12-31 23:39:19',82.10,5,'王先生 北京市 北京市 宣武区 xxx xxx xxx','32DB3700D2564254982BC58B0E4D95BC'),

('DD5135AEDA2E464BAF52DEC4727E2A3D','2014-01-16 15:03:26',41.30,1,'北京市 昌平区 西三旗 金燕龙办公楼1层  张三','32DB3700D2564254982BC58B0E4D95BC'),

('E106BFE7029C485D95A124C733BCC539','2014-01-16 15:17:50',41.30,5,'北京市 昌平区 西三旗 金燕龙办公楼1层  张三','32DB3700D2564254982BC58B0E4D95BC'),

('E3A1EB6D0543489F9729B2B5BC5DB365','2014-01-02 10:30:30',115.50,1,'王先生 北京市 北京市 宣武区 xxx xxx xxx','32DB3700D2564254982BC58B0E4D95BC'),

('E6EEEB39CECC4089BC65142BADCC4FC3','2013-12-26 21:40:10',73.60,1,'张小姐 上海市 上海市 浦东新区 xxx xxx xxx xxx','32DB3700D2564254982BC58B0E4D95BC'),

('E891D2A05DA6485EB7E12436E8FB3107','2014-02-06 10:52:56',162.90,2,'广州市 番禺区 市良路 办公楼1层  张三','531D8A16D524478D86F8A115FE95D93F'),

('E8AE477323214E99AB48BA38052BE974','2014-01-01 14:17:39',74.50,4,'王先生 北京市 北京市 宣武区 xxx xxx xxx','32DB3700D2564254982BC58B0E4D95BC'),

('EA4DC50E547149E3A48B14E6711DF1BD','2014-01-01 17:03:48',74.50,4,'王先生 北京市 北京市 宣武区 xxx xxx xxx','32DB3700D2564254982BC58B0E4D95BC'),

('EC3696A4C443494A9B8DD6E8A9B82072','2014-01-16 15:09:19',41.30,1,'北京市 昌平区 西三旗 金燕龙办公楼1层  张三','32DB3700D2564254982BC58B0E4D95BC'),

('ECB47FBA81F64751B7AC89CCB8DDFD09','2014-02-06 15:23:14',41.30,1,'广州市 番禺区 市良路 办公楼1层  张三','531D8A16D524478D86F8A115FE95D93F'),

('EDC9F39D490E424BA799E7BD4BED9D09','2014-01-01 17:04:09',74.50,4,'王先生 北京市 北京市 宣武区 xxx xxx xxx','32DB3700D2564254982BC58B0E4D95BC'),

('EE1F00D88FDC44BD966AF05C1F7FABE0','2013-12-26 21:48:17',68.30,1,'王先生 北京市 北京市 宣武区 xxx xxx xxx','32DB3700D2564254982BC58B0E4D95BC'),

('F04ECED92D6940E4B79D4CEB60F9D927','2020-03-02 11:08:10',47.04,1,'广州市 番禺区 市良路 办公楼1层  张三','531D8A16D524478D86F8A115FE95D93F'),

('F64FD5E198BB4114AB091034C5C6D8B7','2014-01-16 15:09:56',41.30,1,'北京市 昌平区 西三旗 金燕龙办公楼1层  张三','32DB3700D2564254982BC58B0E4D95BC'),

('F7E603F5179348B9BC3417B9BFB8558D','2014-02-07 00:12:40',41.30,2,'广州市 番禺区 市良路 办公楼1层  张三','531D8A16D524478D86F8A115FE95D93F'),

('FAC08EE0DF2C4487A6FA2B11B343307E','2013-12-26 21:30:19',340.70,1,'王先生 北京市 北京市 宣武区 xxx xxx xxx','32DB3700D2564254982BC58B0E4D95BC'),

('FEF6DCA2329247E69432C1040F33E03B','2020-02-25 23:20:44',33.80,1,'广州市 番禺区 市良路 办公楼1层  张三','531D8A16D524478D86F8A115FE95D93F');

/*Table structure for table `orderitem` */

DROP TABLE IF EXISTS `orderitem`;

CREATE TABLE `orderitem` (
  `orderItemId` char(32) NOT NULL COMMENT '主键',
  `quantity` int(11) DEFAULT NULL COMMENT '数量',
  `subtotal` decimal(8,2) DEFAULT NULL COMMENT '金额小计',
  `bid` char(32) DEFAULT NULL COMMENT '图书id',
  `bname` varchar(200) DEFAULT NULL COMMENT '图书名称',
  `currPrice` decimal(8,2) DEFAULT NULL COMMENT '当前价',
  `image_b` varchar(100) DEFAULT NULL COMMENT '小图路径',
  `oid` char(32) DEFAULT NULL COMMENT '所属订单id',
  PRIMARY KEY (`orderItemId`),
  KEY `FK_orderitem_order` (`oid`),
  CONSTRAINT `FK_orderitem_order` FOREIGN KEY (`oid`) REFERENCES `order` (`oid`)
) ENGINE=InnoDB DEFAULT CHARSET=utf8;

/*Data for the table `orderitem` */

insert  into `orderitem`(`orderItemId`,`quantity`,`subtotal`,`bid`,`bname`,`currPrice`,`image_b`,`oid`) values 

('01D2DF3E5BB34E9F9D2477180C8D94D3',1,74.50,'CE01F15D435A4C51B0AD8202A318DCA7','Java编程思想（第4版）',74.50,'img/book_img/9317290-1_b.jpg','C0841F4DFE7A43BFB183E4E82AE7914C'),

('01E58D4FB7964805A1557A5EF2677586',1,74.50,'CE01F15D435A4C51B0AD8202A318DCA7','Java编程思想（第4版）',74.50,'img/book_img/9317290-1_b.jpg','7B3FA2910C9149829AB1EF3A39C4785F'),

('06AD3253E7EA415B828D1299462DE812',1,41.30,'5C4A6F0F4A3B4672AD8C5F89BF5D37D2','Java从入门到精通（第3版）（附光盘1张）（连续8月Java类全国零售排行前2名，32小时视频，732个经典实例、369项面试真题、616项测试史上最全资源库）',41.30,'img/book_img/22862060-1_b.jpg','159B58B3BBCB4069A550BF1A358B4905'),

('0844DB419E91407FAE223E3ED6B63707',1,82.10,'3DD187217BF44A99B86DD18A4DC628BA','Java核心技术 卷1 基础知识（原书第9版）',82.10,'img/book_img/23362142-1_b.jpg','D929BD17AB374B49B61B93AF9A194D1A'),

('0AD49A1C760E4EA2B29ADC32E306C2D5',1,47.60,'D0E69F85ACAB4C15BB40966E5AA545F1','Java并发编程实战（第16届Jolt大奖提名图书，Java并发编程必读佳作',47.60,'img/book_img/22606835-1_b.jpg','BD1BD9AB58B1413FA0BDC0AACCC8C65F'),

('0F8620EDA20642D1B6CF6D2768086B0A',1,41.30,'5C4A6F0F4A3B4672AD8C5F89BF5D37D2','Java从入门到精通（第3版）（附光盘1张）（连续8月Java类全国零售排行前2名，32小时视频，732个经典实例、369项面试真题、616项测试史上最全资源库）',41.30,'img/book_img/22862060-1_b.jpg','F7E603F5179348B9BC3417B9BFB8558D'),

('0F8FCF81AE4D402892AD73C11477B971',3,204.90,'5C68141786B84A4CB8929A2415040739','JavaScript高级程序设计(第3版)(JavaScript技术名著，国内JavasScript第一书，销量超过8万册)',68.30,'img/book_img/22628333-1_b.jpg','5FB1E131DD294CBBA34FE93228DF2F02'),

('0FDE8F9F0C1D4B65AE470BC63783FBF5',1,41.30,'5C4A6F0F4A3B4672AD8C5F89BF5D37D2','Java从入门到精通（第3版）（附光盘1张）（连续8月Java类全国零售排行前2名，32小时视频，732个经典实例、369项面试真题、616项测试史上最全资源库）',41.30,'img/book_img/22862060-1_b.jpg','984468779C164A6098A7FE7EECE9E273'),

('10C2D433E7704AC6A0CB74EBDB1B0AEC',1,41.30,'5C4A6F0F4A3B4672AD8C5F89BF5D37D2','Java从入门到精通（第3版）（附光盘1张）（连续8月Java类全国零售排行前2名，32小时视频，732个经典实例、369项面试真题、616项测试史上最全资源库）',41.30,'img/book_img/22862060-1_b.jpg','FAC08EE0DF2C4487A6FA2B11B343307E'),

('10F3C7DF7FF243318A31131BD310FCB0',1,47.04,'DD9354966E3F4452B1B90263F79917CC',' Visual C++数据库通用模块开发与系统移植（附光盘）',47.04,'img/book_img/2A64A132F91C4243A87AD1CC8722F78E-1_b.jpg','F04ECED92D6940E4B79D4CEB60F9D927'),

('14128D56EBDE44A2935F0D12EA5DBB03',1,74.50,'CE01F15D435A4C51B0AD8202A318DCA7','Java编程思想（第4版）',74.50,'img/book_img/9317290-1_b.jpg','574A31876CA246D4A10C0600EF5CF8A5'),

('1B48E8AA75BC4F569306702A33A7CCD5',1,74.50,'CE01F15D435A4C51B0AD8202A318DCA7','Java编程思想（第4版）',74.50,'img/book_img/9317290-1_b.jpg','E8AE477323214E99AB48BA38052BE974'),

('1B6B185D53AB44798EE74AE33439BB1A',2,67.60,'B7A7DA7A94E54054841EED1F70C3027C','锋利的jQuery(第2版)(畅销书升级版，增加jQuery Mobile和性能优化)',33.80,'img/book_img/22786088-1_b.jpg','96C6D91D916E472681EEC37B1770DE87'),

('1BF158F7D2E24DC3AE8AD4748A125F7F',1,41.30,'5C4A6F0F4A3B4672AD8C5F89BF5D37D2','Java从入门到精通（第3版）（附光盘1张）（连续8月Java类全国零售排行前2名，32小时视频，732个经典实例、369项面试真题、616项测试史上最全资源库）',41.30,'img/book_img/22862060-1_b.jpg','E106BFE7029C485D95A124C733BCC539'),

('1D529CD78B34458D96D03F9FB9E8DDC5',1,41.30,'5C4A6F0F4A3B4672AD8C5F89BF5D37D2','Java从入门到精通（第3版）（附光盘1张）（连续8月Java类全国零售排行前2名，32小时视频，732个经典实例、369项面试真题、616项测试史上最全资源库）',41.30,'img/book_img/22862060-1_b.jpg','EC3696A4C443494A9B8DD6E8A9B82072'),

('1D5352893B8F421CAD3DCCA2623671CA',1,41.30,'5C4A6F0F4A3B4672AD8C5F89BF5D37D2','Java从入门到精通（第3版）（附光盘1张）（连续8月Java类全国零售排行前2名，32小时视频，732个经典实例、369项面试真题、616项测试史上最全资源库）',41.30,'img/book_img/22862060-1_b.jpg','0ADCEE0510844D2697E7A5C0903A8D3B'),

('2659227EFA5C4FF49B4C9E0E5FF3CDAD',1,74.50,'CE01F15D435A4C51B0AD8202A318DCA7','Java编程思想（第4版）',74.50,'img/book_img/9317290-1_b.jpg','1D640078E4A64AC987FEA7299B57A2F6'),

('26D125337FB146FD923620A8E7C87556',1,32.90,'97437DAD03FA456AA7D6154614A43B55','HTML、CSS、JavaScript网页制作从入门到精通（两万读者的选择，经久不衰的超级畅销书最新升级版！网页制作学习者入门必读经典！）',32.90,'img/book_img/22928649-1_b.jpg','E6EEEB39CECC4089BC65142BADCC4FC3'),

('26FFD473E4654C27B59BDB404E3982C5',1,74.50,'CE01F15D435A4C51B0AD8202A318DCA7','Java编程思想（第4版）',74.50,'img/book_img/9317290-1_b.jpg','605B9D163C1345B6A636D80720794CE8'),

('2754A72B64774B03A6FF5E08233D5445',1,95.30,'48BBFBFC07074ADE8CC906A45BE5D9A6','JavaScript权威指南（第6版）（淘宝前端团队倾情翻译！经典权威的JavaScript犀牛书！第6版特别涵盖了HTML5和ECMAScript5！）（经典巨著，当当独家首发）',95.30,'img/book_img/22722790-1_b.jpg','E891D2A05DA6485EB7E12436E8FB3107'),

('285F32EA770A4F9593537FEAC1B8705A',1,74.50,'CE01F15D435A4C51B0AD8202A318DCA7','Java编程思想（第4版）',74.50,'img/book_img/9317290-1_b.jpg','CBB735CB5F084C1BB80FF5998F811E63'),

('2953F9C5BC6F4475AE3AD52B921B6875',1,41.30,'5C4A6F0F4A3B4672AD8C5F89BF5D37D2','Java从入门到精通（第3版）（附光盘1张）（连续8月Java类全国零售排行前2名，32小时视频，732个经典实例、369项面试真题、616项测试史上最全资源库）',41.30,'img/book_img/22862060-1_b.jpg','0FD72F77655D43E2B7989892E965864D'),

('29E8A4EEA3914F16BE2287DC95AC14CD',1,74.50,'CE01F15D435A4C51B0AD8202A318DCA7','Java编程思想（第4版）',74.50,'img/book_img/9317290-1_b.jpg','15A89AB272394F359EA26A2E15F13405'),

('2AF8CE6B53FD42AAB7042D73D1D46C19',3,204.90,'8E16D59BA4C34374A68029AE877613C4','轻量级Java EE企业应用实战（第3版）：Struts 2＋Spring 3＋Hibernate整合开发(含CD光盘1张)',68.30,'img/book_img/22685703-1_b.jpg','4A4DF31FA315442DB50E52387B4C9E9E'),

('2E3E86265EC34D8F9907F52044AE2DD2',1,47.40,'95AACC68D64D4D67B1E33E9EAC22B885','Head First Java（中文版）（JAVA经典畅销书 生动有趣 轻松学好JAVA）',47.40,'img/book_img/9265169-1_b.jpg','0FD72F77655D43E2B7989892E965864D'),

('2EC79387485D42F699DFAC6CF2CFF26A',2,82.60,'5C4A6F0F4A3B4672AD8C5F89BF5D37D2','Java从入门到精通（第3版）（附光盘1张）（连续8月Java类全国零售排行前2名，32小时视频，732个经典实例、369项面试真题、616项测试史上最全资源库）',41.30,'img/book_img/22862060-1_b.jpg','E3A1EB6D0543489F9729B2B5BC5DB365'),

('346BFB39E1524650A695DEAD8397F811',2,150.40,'1286B13F0EA54E4CB75434762121486A','Java核心技术 卷I：基础知识(第9版·英文版)(上、下册)',75.20,'img/book_img/23280479-1_b.jpg','FAC08EE0DF2C4487A6FA2B11B343307E'),

('35B0B801D25845D8B76B61DD3CD5759A',1,41.30,'5C4A6F0F4A3B4672AD8C5F89BF5D37D2','Java从入门到精通（第3版）（附光盘1张）（连续8月Java类全国零售排行前2名，32小时视频，732个经典实例、369项面试真题、616项测试史上最全资源库）',41.30,'img/book_img/22862060-1_b.jpg','B62C7C1BA61C47C4BCEC4BE96897A72C'),

('37D26DB2F215411E8BFB761D61769021',1,47.60,'AE0935F13A214436B8599DE285A86220','JavaScript基础教程(第8版)(经典JavaScript入门书 涵盖Ajax和jQuery)',47.60,'img/book_img/22717349-1_b.jpg','BE24BB4187B1472AA08E206BF8B0ABF7'),

('38132C2B0A8E4A7499A4A00A2C68D342',1,32.90,'97437DAD03FA456AA7D6154614A43B55','HTML、CSS、JavaScript网页制作从入门到精通（两万读者的选择，经久不衰的超级畅销书最新升级版！网页制作学习者入门必读经典！）',32.90,'img/book_img/22928649-1_b.jpg','148668BE43754CE2B64A0AC999C5A2D5'),

('3C585F544A494041AE75375D1CE8F086',1,41.30,'5C4A6F0F4A3B4672AD8C5F89BF5D37D2','Java从入门到精通（第3版）（附光盘1张）（连续8月Java类全国零售排行前2名，32小时视频，732个经典实例、369项面试真题、616项测试史上最全资源库）',41.30,'img/book_img/22862060-1_b.jpg','A2DB4A7B4EA640ADA63F22A7E8311F4B'),

('3DA0F5E8A5F34755A7254783B2A2C002',1,74.50,'CE01F15D435A4C51B0AD8202A318DCA7','Java编程思想（第4版）',74.50,'img/book_img/9317290-1_b.jpg','0FBC5F415EF94161AF2937A07EFD8DE8'),

('44AF075EF3BD4DBEB55C23C1930CB3B7',1,32.90,'97437DAD03FA456AA7D6154614A43B55','HTML、CSS、JavaScript网页制作从入门到精通（两万读者的选择，经久不衰的超级畅销书最新升级版！网页制作学习者入门必读经典！）',32.90,'img/book_img/22928649-1_b.jpg','5FB1E131DD294CBBA34FE93228DF2F02'),

('4A53FDF198474C16A0D4028CC9C1532B',1,41.30,'5C4A6F0F4A3B4672AD8C5F89BF5D37D2','Java从入门到精通（第3版）（附光盘1张）（连续8月Java类全国零售排行前2名，32小时视频，732个经典实例、369项面试真题、616项测试史上最全资源库）',41.30,'img/book_img/22862060-1_b.jpg','674878FE6CAB48918DB4A9688262FBD5'),

('4ABE8B2691F84258AE4B79EF14068920',1,74.50,'CE01F15D435A4C51B0AD8202A318DCA7','Java编程思想（第4版）',74.50,'img/book_img/9317290-1_b.jpg','C4A1E40F2F514684BCD97F9EE76A701F'),

('4AD70581ED09443DBE176C341D7B51BA',1,74.50,'CE01F15D435A4C51B0AD8202A318DCA7','Java编程思想（第4版）',74.50,'img/book_img/9317290-1_b.jpg','93576BB2F43C47F89B4DD7B91F5DF5E3'),

('4F8776C84CF241AF9C4FB5BF8282E870',1,74.50,'CE01F15D435A4C51B0AD8202A318DCA7','Java编程思想（第4版）',74.50,'img/book_img/9317290-1_b.jpg','5D39377E88E049F8BA19173BAFF295CB'),

('50C4D3F0F28A4648BF89BD18C7931B60',1,95.30,'48BBFBFC07074ADE8CC906A45BE5D9A6','JavaScript权威指南（第6版）（淘宝前端团队倾情翻译！经典权威的JavaScript犀牛书！第6版特别涵盖了HTML5和ECMAScript5！）（经典巨著，当当独家首发）',95.30,'img/book_img/22722790-1_b.jpg','058F48DA33694C6D8F5C2C13F3D26CEA'),

('59C13A2A03C448098F20E5DC07B6D1D9',1,41.30,'5C4A6F0F4A3B4672AD8C5F89BF5D37D2','Java从入门到精通（第3版）（附光盘1张）（连续8月Java类全国零售排行前2名，32小时视频，732个经典实例、369项面试真题、616项测试史上最全资源库）',41.30,'img/book_img/22862060-1_b.jpg','6504C742FE65413494E028E714D4D609'),

('5AD3850D25D143C6B54FBD84890A15EB',1,41.30,'5C4A6F0F4A3B4672AD8C5F89BF5D37D2','Java从入门到精通（第3版）（附光盘1张）（连续8月Java类全国零售排行前2名，32小时视频，732个经典实例、369项面试真题、616项测试史上最全资源库）',41.30,'img/book_img/22862060-1_b.jpg','148668BE43754CE2B64A0AC999C5A2D5'),

('5B17BD28CDAA4E4F98C5AAC48BCEB7BB',1,82.10,'3DD187217BF44A99B86DD18A4DC628BA','Java核心技术 卷1 基础知识（原书第9版）',82.10,'img/book_img/23362142-1_b.jpg','303E12F4821A4B3F9DB97B23947220C7'),

('5DADDF8045D7408DA4C9AAD9694AF5BF',1,74.50,'CE01F15D435A4C51B0AD8202A318DCA7','Java编程思想（第4版）',74.50,'img/book_img/9317290-1_b.jpg','2D9FF0BFB82842CFAA4B623D5997BF1F'),

('5DF78D39DA9947048EED4F38DE027CEB',1,74.50,'CE01F15D435A4C51B0AD8202A318DCA7','Java编程思想（第4版）',74.50,'img/book_img/9317290-1_b.jpg','9721A3FBC37D490588AEE02F761744E2'),

('5F6DAEB9C7E64DAB890320C0255B0242',1,41.30,'5C4A6F0F4A3B4672AD8C5F89BF5D37D2','Java从入门到精通（第3版）（附光盘1张）（连续8月Java类全国零售排行前2名，32小时视频，732个经典实例、369项面试真题、616项测试史上最全资源库）',41.30,'img/book_img/22862060-1_b.jpg','0CA1A9B0287C43B2AA9435F11F237E9B'),

('656371839BC1413DBD11000799737FBD',1,45.40,'F78C94641DB4475BBA1E72A07DF9B3AE','JAVA面向对象编程',45.40,'img/book_img/9186890-1_b.jpg','B359964B10F94E62946C7FBD89E40A6D'),

('65CFB83DF1CC4052B0D6657D2B444188',1,95.30,'48BBFBFC07074ADE8CC906A45BE5D9A6','JavaScript权威指南（第6版）（淘宝前端团队倾情翻译！经典权威的JavaScript犀牛书！第6版特别涵盖了HTML5和ECMAScript5！）（经典巨著，当当独家首发）',95.30,'img/book_img/22722790-1_b.jpg','B69C6849120D4B28A6CCF99351B88575'),

('6DCEE2AE93CD44059571474C3625647E',2,190.60,'48BBFBFC07074ADE8CC906A45BE5D9A6','JavaScript权威指南（第6版）（淘宝前端团队倾情翻译！经典权威的JavaScript犀牛书！第6版特别涵盖了HTML5和ECMAScript5！）（经典巨著，当当独家首发）',95.30,'img/book_img/22722790-1_b.jpg','81B493E2901943B69E5F050C16C38EFD'),

('6F4239EBB3D84A29911AEF08B16C4B78',1,41.30,'5C4A6F0F4A3B4672AD8C5F89BF5D37D2','Java从入门到精通（第3版）（附光盘1张）（连续8月Java类全国零售排行前2名，32小时视频，732个经典实例、369项面试真题、616项测试史上最全资源库）',41.30,'img/book_img/22862060-1_b.jpg','0A1F4C5BDE754277B984D1E7E763051D'),

('71DF669AC95440199575863CBFF19FC4',1,89.30,'10EC943816F44665916AF7EC332B53D2','ABAQUS 6.14超级学习手册  集软件操作 工程案例于一身 有限元分析工程实例详解从入门到精通 带领读者轻松跨入ABAQUS世界',89.30,'img/book_img/801A49CF884645AAB8484CEAE8B273E2-1_b.jpg','C137BAAC27A44507895CE9562BDC6644'),

('72EA834FBF6F4FD3B43D4586B7E5B2E4',1,74.50,'CE01F15D435A4C51B0AD8202A318DCA7','Java编程思想（第4版）',74.50,'img/book_img/9317290-1_b.jpg','BB7789E41C524030832B7E5E426633E7'),

('79A5CCB6ED5E4ABBA2ADCD9E93103302',1,41.30,'5C4A6F0F4A3B4672AD8C5F89BF5D37D2','Java从入门到精通（第3版）（附光盘1张）（连续8月Java类全国零售排行前2名，32小时视频，732个经典实例、369项面试真题、616项测试史上最全资源库）',41.30,'img/book_img/22862060-1_b.jpg','32739173C1E247558358B1A8FE9FE012'),

('83C053FBB2B0479F86F8194AD9BB5411',1,74.50,'CE01F15D435A4C51B0AD8202A318DCA7','Java编程思想（第4版）',74.50,'img/book_img/9317290-1_b.jpg','7237A47B1B5B4A78822D662AE01671B6'),

('85DA1674B58C450291901E923B13B53C',1,41.30,'5C4A6F0F4A3B4672AD8C5F89BF5D37D2','Java从入门到精通（第3版）（附光盘1张）（连续8月Java类全国零售排行前2名，32小时视频，732个经典实例、369项面试真题、616项测试史上最全资源库）',41.30,'img/book_img/22862060-1_b.jpg','DD5135AEDA2E464BAF52DEC4727E2A3D'),

('87BE2F926AF5401595CECDF656752E96',1,41.30,'5C4A6F0F4A3B4672AD8C5F89BF5D37D2','Java从入门到精通（第3版）（附光盘1张）（连续8月Java类全国零售排行前2名，32小时视频，732个经典实例、369项面试真题、616项测试史上最全资源库）',41.30,'img/book_img/22862060-1_b.jpg','0CD9939DC9AE4DA2A12F772293F55A4B'),

('882D2D4A06B645AC9DE56B60622EC4E8',1,82.10,'3DD187217BF44A99B86DD18A4DC628BA','Java核心技术 卷1 基础知识（原书第9版）',82.10,'img/book_img/23362142-1_b.jpg','553AFF48D76A48AD89ED3FE8F7E2F587'),

('8BEA49FAE0924D05BD5903325BFB4E0A',1,41.30,'5C4A6F0F4A3B4672AD8C5F89BF5D37D2','Java从入门到精通（第3版）（附光盘1张）（连续8月Java类全国零售排行前2名，32小时视频，732个经典实例、369项面试真题、616项测试史上最全资源库）',41.30,'img/book_img/22862060-1_b.jpg','CE537015382640E1AE15B9A8FD08B9EE'),

('8C75EAC8C39845FE8D7540F208D31F86',1,32.90,'97437DAD03FA456AA7D6154614A43B55','HTML、CSS、JavaScript网页制作从入门到精通（两万读者的选择，经久不衰的超级畅销书最新升级版！网页制作学习者入门必读经典！）',32.90,'img/book_img/22928649-1_b.jpg','A2DB4A7B4EA640ADA63F22A7E8311F4B'),

('914175F8FB55422BB407DD0AC9DB3D63',1,41.30,'5C4A6F0F4A3B4672AD8C5F89BF5D37D2','Java从入门到精通（第3版）（附光盘1张）（连续8月Java类全国零售排行前2名，32小时视频，732个经典实例、369项面试真题、616项测试史上最全资源库）',41.30,'img/book_img/22862060-1_b.jpg','F64FD5E198BB4114AB091034C5C6D8B7'),

('93069308B4C04E16A9D1EE7B8EFEEBA6',1,41.30,'5C4A6F0F4A3B4672AD8C5F89BF5D37D2','Java从入门到精通（第3版）（附光盘1张）（连续8月Java类全国零售排行前2名，32小时视频，732个经典实例、369项面试真题、616项测试史上最全资源库）',41.30,'img/book_img/22862060-1_b.jpg','57856B1A295B437CA0F7991540897B47'),

('942BE069B7B345BAA5D4FE19E2D87C12',2,65.80,'97437DAD03FA456AA7D6154614A43B55','HTML、CSS、JavaScript网页制作从入门到精通（两万读者的选择，经久不衰的超级畅销书最新升级版！网页制作学习者入门必读经典！）',32.90,'img/book_img/22928649-1_b.jpg','B69C6849120D4B28A6CCF99351B88575'),

('984276E400644531947D78DCE4C2F2DF',2,89.80,'CC11E9CCF2C74AA8887F717E6579BA05','新手学五笔打字 Office 2016电脑办公从入门到精通 移动学习版 【五笔打字 8小时同步视频讲解 另赠送8小时Word/Excel/PPT经典案例视频+1200个技巧 电脑初学者入门书籍】',44.90,'img/book_img/3AC198795E5A446699893608A87ACB09-1_b.jpg','8A3F0F9E5F554799B9AB5287E5C8018B'),

('9979731BC91D43B690E8ECD51DCC0F77',1,41.30,'5C4A6F0F4A3B4672AD8C5F89BF5D37D2','Java从入门到精通（第3版）（附光盘1张）（连续8月Java类全国零售排行前2名，32小时视频，732个经典实例、369项面试真题、616项测试史上最全资源库）',41.30,'img/book_img/22862060-1_b.jpg','7237A47B1B5B4A78822D662AE01671B6'),

('9C6DE8585579400B8F91311FE472FF30',1,74.50,'CE01F15D435A4C51B0AD8202A318DCA7','Java编程思想（第4版）',74.50,'img/book_img/9317290-1_b.jpg','4B49D55D2CD34DB480A2CDF1A78858E8'),

('9CC5C541D4DF4C209EED96F8D62233EF',1,74.50,'CE01F15D435A4C51B0AD8202A318DCA7','Java编程思想（第4版）',74.50,'img/book_img/9317290-1_b.jpg','33D163070CE74936966AE177F3E09B20'),

('9E1D7EF000E440608281DE20DADB2AD9',1,74.50,'CE01F15D435A4C51B0AD8202A318DCA7','Java编程思想（第4版）',74.50,'img/book_img/9317290-1_b.jpg','1AFEC52D72C74266A6E36F83F9910B4F'),

('A00770D667394EAD9DC8599FA025046C',1,68.30,'8E16D59BA4C34374A68029AE877613C4','轻量级Java EE企业应用实战（第3版）：Struts 2＋Spring 3＋Hibernate整合开发(含CD光盘1张)',68.30,'img/book_img/22685703-1_b.jpg','EE1F00D88FDC44BD966AF05C1F7FABE0'),

('A12B5835A2AA416491E59A1F470B03DF',1,95.30,'48BBFBFC07074ADE8CC906A45BE5D9A6','JavaScript权威指南（第6版）（淘宝前端团队倾情翻译！经典权威的JavaScript犀牛书！第6版特别涵盖了HTML5和ECMAScript5！）（经典巨著，当当独家首发）',95.30,'img/book_img/22722790-1_b.jpg','5668668DAB1F4406819D37881BC5D5B1'),

('A4938F10E31243FCBEDDBF762F887F12',1,41.30,'5C4A6F0F4A3B4672AD8C5F89BF5D37D2','Java从入门到精通（第3版）（附光盘1张）（连续8月Java类全国零售排行前2名，32小时视频，732个经典实例、369项面试真题、616项测试史上最全资源库）',41.30,'img/book_img/22862060-1_b.jpg','C6F8379F9E3E4F8381763B54E5BF986C'),

('A5CA013362854C7FBF1267670DDA659A',3,204.90,'5C68141786B84A4CB8929A2415040739','JavaScript高级程序设计(第3版)(JavaScript技术名著，国内JavasScript第一书，销量超过8万册)',68.30,'img/book_img/22628333-1_b.jpg','B69C6849120D4B28A6CCF99351B88575'),

('A5CB9F70082348AC821AF1957ACB54E4',1,45.40,'F78C94641DB4475BBA1E72A07DF9B3AE','JAVA面向对象编程',45.40,'img/book_img/9186890-1_b.jpg','4A4DF31FA315442DB50E52387B4C9E9E'),

('A758D22B5EAC4004A0789035FB5BF5D7',1,33.80,'B7A7DA7A94E54054841EED1F70C3027C','锋利的jQuery(第2版)(畅销书升级版，增加jQuery Mobile和性能优化)',33.80,'img/book_img/22786088-1_b.jpg','9E121F39C5B84125BC7614AD508A393A'),

('A997875748344933AA3371BA5F280B95',1,74.50,'CE01F15D435A4C51B0AD8202A318DCA7','Java编程思想（第4版）',74.50,'img/book_img/9317290-1_b.jpg','148668BE43754CE2B64A0AC999C5A2D5'),

('AA10E8BEFD744C2DBCDC7E85C11044C4',1,74.50,'CE01F15D435A4C51B0AD8202A318DCA7','Java编程思想（第4版）',74.50,'img/book_img/9317290-1_b.jpg','EA4DC50E547149E3A48B14E6711DF1BD'),

('AA2BC081EBFE40D889671C95A8B63A66',1,40.70,'4A9574F03A6B40C1B2A437237C17DEEC','Spring实战(第3版)（In Action系列中最畅销的Spring图书，近十万读者学习Spring的共同选择）',40.70,'img/book_img/23254532-1_b.jpg','E6EEEB39CECC4089BC65142BADCC4FC3'),

('B57029A4B38C48619E951EA3AAA62B5D',1,67.60,'0EE8A0AE69154287A378FB110FF2C780','Java核心技术：卷Ⅰ基础知识（原书第8版）',67.60,'img/book_img/20285763-1_b.jpg','E891D2A05DA6485EB7E12436E8FB3107'),

('B93CD7AC6B3C4044AE8186279C33803B',1,26.90,'BD1CB005E4A04DCA881DA8689E21D4D0','jQuery UI开发指南',26.90,'img/book_img/22910975-1_b.jpg','553AFF48D76A48AD89ED3FE8F7E2F587'),

('C01A7D87FC924BAD8D3A4255BE415D14',1,41.30,'5C4A6F0F4A3B4672AD8C5F89BF5D37D2','Java从入门到精通（第3版）（附光盘1张）（连续8月Java类全国零售排行前2名，32小时视频，732个经典实例、369项面试真题、616项测试史上最全资源库）',41.30,'img/book_img/22862060-1_b.jpg','7858221EA1DF4B318A632A9C1CD3E1F7'),

('C08547828C9445648F049ABC6127768D',1,32.90,'97437DAD03FA456AA7D6154614A43B55','HTML、CSS、JavaScript网页制作从入门到精通（两万读者的选择，经久不衰的超级畅销书最新升级版！网页制作学习者入门必读经典！）',32.90,'img/book_img/22928649-1_b.jpg','E3A1EB6D0543489F9729B2B5BC5DB365'),

('C2DC9CDECD724065A6ABE92C693B4F75',1,41.30,'5C4A6F0F4A3B4672AD8C5F89BF5D37D2','Java从入门到精通（第3版）（附光盘1张）（连续8月Java类全国零售排行前2名，32小时视频，732个经典实例、369项面试真题、616项测试史上最全资源库）',41.30,'img/book_img/22862060-1_b.jpg','ECB47FBA81F64751B7AC89CCB8DDFD09'),

('C3575A8B7DED44B3937237DD6795FD46',1,41.30,'5C4A6F0F4A3B4672AD8C5F89BF5D37D2','Java从入门到精通（第3版）（附光盘1张）（连续8月Java类全国零售排行前2名，32小时视频，732个经典实例、369项面试真题、616项测试史上最全资源库）',41.30,'img/book_img/22862060-1_b.jpg','6C921E50C3E54EA0AFD8CC4B661963AD'),

('C3BDE3E9E6CD48F6B0DDDB4720106689',1,74.50,'CE01F15D435A4C51B0AD8202A318DCA7','Java编程思想（第4版）',74.50,'img/book_img/9317290-1_b.jpg','3143492834294128ADCFD1DAC3530396'),

('C4B479673E0E454580A3B47747B954E7',1,41.30,'5C4A6F0F4A3B4672AD8C5F89BF5D37D2','Java从入门到精通（第3版）（附光盘1张）（连续8月Java类全国零售排行前2名，32小时视频，732个经典实例、369项面试真题、616项测试史上最全资源库）',41.30,'img/book_img/22862060-1_b.jpg','5FB1E131DD294CBBA34FE93228DF2F02'),

('C588A712ADFD4D8282A328E49CBD01FB',1,32.90,'97437DAD03FA456AA7D6154614A43B55','HTML、CSS、JavaScript网页制作从入门到精通（两万读者的选择，经久不衰的超级畅销书最新升级版！网页制作学习者入门必读经典！）',32.90,'img/book_img/22928649-1_b.jpg','BDB995AF80D34716ABB9D10CB6962F87'),

('CA23BB7482824A64AE3679B3BBEEDBE5',1,33.37,'5DAC7CC4D17048F29DBB237DDDDC1547','当当独家赠品版 Word/Excel/PPT 2019办公应用从入门到精通【Word/Excel/PPT2019办公应用从入门到精通 神龙畅销书升级版 Excel高效办公公式与函数数据处理与分析 PPT word文档制作 移动学习】',33.37,'img/book_img/8D5C798DC72D48D5AF5D7F3C6968F4A5-1_b.jpg','A4412F1DBAE64E6195BBFAF51312FABE'),

('CA8CEF8D4C5647748A96A3684663B70E',1,74.50,'CE01F15D435A4C51B0AD8202A318DCA7','Java编程思想（第4版）',74.50,'img/book_img/9317290-1_b.jpg','065056EFA3914273B6B266A2414A38FA'),

('CF34D934BAED493398EB2696F9C65C76',3,204.90,'8E16D59BA4C34374A68029AE877613C4','轻量级Java EE企业应用实战（第3版）：Struts 2＋Spring 3＋Hibernate整合开发(含CD光盘1张)',68.30,'img/book_img/22685703-1_b.jpg','B359964B10F94E62946C7FBD89E40A6D'),

('D544F15EEE69445B9BD10FF04253896E',1,41.30,'5C4A6F0F4A3B4672AD8C5F89BF5D37D2','Java从入门到精通（第3版）（附光盘1张）（连续8月Java类全国零售排行前2名，32小时视频，732个经典实例、369项面试真题、616项测试史上最全资源库）',41.30,'img/book_img/22862060-1_b.jpg','9E1C0A9FDF1F49B18FA0BFA33E132BDD'),

('D7D546DB926B4FA9805524752279F923',1,33.80,'9923901FBF124623BC707920D8936BC8','JavaScript DOM编程艺术(第2版)',33.80,'img/book_img/21049601-1_b.jpg','8BB662E4C0444BC88F1DBE82584595BC'),

('E1FDF0B54C4741639C5A9E33A0923177',1,33.80,'B7A7DA7A94E54054841EED1F70C3027C','锋利的jQuery(第2版)(畅销书升级版，增加jQuery Mobile和性能优化)',33.80,'img/book_img/22786088-1_b.jpg','BD1BD9AB58B1413FA0BDC0AACCC8C65F'),

('E35724F886094E5AB2076A690EC28917',1,68.30,'8E16D59BA4C34374A68029AE877613C4','轻量级Java EE企业应用实战（第3版）：Struts 2＋Spring 3＋Hibernate整合开发(含CD光盘1张)',68.30,'img/book_img/22685703-1_b.jpg','59A15DD3A0704508B1C2BC9B682A329F'),

('E3EF277FBBEB4AB4B5FB0AB187C9E635',1,74.50,'CE01F15D435A4C51B0AD8202A318DCA7','Java编程思想（第4版）',74.50,'img/book_img/9317290-1_b.jpg','EDC9F39D490E424BA799E7BD4BED9D09'),

('ED5722353C0A4F15A11B28A5A9B2745A',1,41.30,'5C4A6F0F4A3B4672AD8C5F89BF5D37D2','Java从入门到精通（第3版）（附光盘1张）（连续8月Java类全国零售排行前2名，32小时视频，732个经典实例、369项面试真题、616项测试史上最全资源库）',41.30,'img/book_img/22862060-1_b.jpg','57197A448F9A4F15B76B1ED1EB3A15E6'),

('EE61A6CCC02148F68DF99293F2EEE88F',1,68.30,'5C68141786B84A4CB8929A2415040739','JavaScript高级程序设计(第3版)(JavaScript技术名著，国内JavasScript第一书，销量超过8万册)',68.30,'img/book_img/22628333-1_b.jpg','673170D78D9D4EE6AE083167CFB81C1A'),

('EFCAF77235D94975A095027562F643C5',1,41.30,'5C4A6F0F4A3B4672AD8C5F89BF5D37D2','Java从入门到精通（第3版）（附光盘1张）（连续8月Java类全国零售排行前2名，32小时视频，732个经典实例、369项面试真题、616项测试史上最全资源库）',41.30,'img/book_img/22862060-1_b.jpg','BB7789E41C524030832B7E5E426633E7'),

('F02313A9257149A0A460E72A9CABE1FA',1,33.80,'1A15DC5E8A014A58862ED741D579B530','Java深入解析——透析Java本质的36个话题',33.80,'img/book_img/23363997-1_b.jpg','FEF6DCA2329247E69432C1040F33E03B'),

('F1C3FC9D6AAE406ABA251689B8ACC291',1,41.30,'5C4A6F0F4A3B4672AD8C5F89BF5D37D2','Java从入门到精通（第3版）（附光盘1张）（连续8月Java类全国零售排行前2名，32小时视频，732个经典实例、369项面试真题、616项测试史上最全资源库）',41.30,'img/book_img/22862060-1_b.jpg','C34F025EF6BB4B88A8409B00A0ABC891'),

('F49964DAE525431C94ED66D96E053301',2,149.00,'CE01F15D435A4C51B0AD8202A318DCA7','Java编程思想（第4版）',74.50,'img/book_img/9317290-1_b.jpg','FAC08EE0DF2C4487A6FA2B11B343307E'),

('F7074572D71A454097B9019B7D5897FA',1,41.30,'5C4A6F0F4A3B4672AD8C5F89BF5D37D2','Java从入门到精通（第3版）（附光盘1张）（连续8月Java类全国零售排行前2名，32小时视频，732个经典实例、369项面试真题、616项测试史上最全资源库）',41.30,'img/book_img/22862060-1_b.jpg','161A05BEBBAA468199131EAD175CCFEA'),

('F84DB5D9AD0441FE81A52DCCCAC0EEA1',1,41.30,'5C4A6F0F4A3B4672AD8C5F89BF5D37D2','Java从入门到精通（第3版）（附光盘1张）（连续8月Java类全国零售排行前2名，32小时视频，732个经典实例、369项面试真题、616项测试史上最全资源库）',41.30,'img/book_img/22862060-1_b.jpg','2AFD7DC9619548BA8727464D77AFB9C2'),

('F9AD99717BDF4DD481FF35CC2A11B2D3',1,41.30,'5C4A6F0F4A3B4672AD8C5F89BF5D37D2','Java从入门到精通（第3版）（附光盘1张）（连续8月Java类全国零售排行前2名，32小时视频，732个经典实例、369项面试真题、616项测试史上最全资源库）',41.30,'img/book_img/22862060-1_b.jpg','0B657B624D8D4B919B7E5F175AA90530'),

('FBA39DB6CA63434B988D5329F029B2BB',2,149.00,'CE01F15D435A4C51B0AD8202A318DCA7','Java编程思想（第4版）',74.50,'img/book_img/9317290-1_b.jpg','75B7D65D4F5A43CD83605FDE38D7E10C'),

('FBC88A01EE934A92BB83F8865CF44457',1,74.50,'CE01F15D435A4C51B0AD8202A318DCA7','Java编程思想（第4版）',74.50,'img/book_img/9317290-1_b.jpg','49127E9642C5474FA8F2139204DE571C'),

('FFB980C9F3844E9085A134EC339F0979',1,74.50,'CE01F15D435A4C51B0AD8202A318DCA7','Java编程思想（第4版）',74.50,'img/book_img/9317290-1_b.jpg','A2DB4A7B4EA640ADA63F22A7E8311F4B');

/*Table structure for table `user` */

DROP TABLE IF EXISTS `user`;

CREATE TABLE `user` (
  `uid` char(32) NOT NULL COMMENT '主键',
  `username` varchar(50) DEFAULT NULL COMMENT '会员登录名',
  `password` varchar(50) DEFAULT NULL COMMENT '会员登录密码',
  `email` varchar(50) DEFAULT NULL COMMENT '邮箱地址',
  `status` tinyint(1) DEFAULT NULL COMMENT '是否已激活',
  `activationCode` char(64) DEFAULT NULL COMMENT '激活码',
  PRIMARY KEY (`uid`),
  UNIQUE KEY `username` (`username`)
) ENGINE=InnoDB DEFAULT CHARSET=utf8;

/*Data for the table `user` */

insert  into `user`(`uid`,`username`,`password`,`email`,`status`,`activationCode`) values 

('32DB3700D2564254982BC58B0E4D95BC','李四','123','lisi@126.com',1,'15682E9C4D2849E2AB5D8AFF55D2F7BA87126B0EF55A45C6A136E3CAA90D60F2'),

('4DE7E4D829A54D4FAB150B7451407198','bbb','bbb','itcast_cxf@soh.com',0,'D00FAA82457748FF8C1B912042E615B39F3602053E154181B98CDD48D9ECFC96'),

('531D8A16D524478D86F8A115FE95D93F','张三','123','itcast_cxf@163.com',1,'FCF142D04C4A420992FF4E7BAC92C1E58AF905F1A46B4818BB455BD925E52DDD'),

('55790D9C1A1845738E6D93866A148C7E','王五','123','itcast_cxf@sina.com',1,'659903B3D5FF4576B82425A593962DFE64B6137EBE934AE5AE19F614E71F4549'),

('9CC972DFA2D4481F89841A46FD1B3E7B','赵六','abc','赵六@qq.com',0,'D7CEB3DE44364749A4807D98F8B2F63017FDFED9FFC842B6BBC64E20698FED5F'),

('B50ADE921BF14F6EB5331777B1874763','aaa','aaa','abc@abc.cn',0,'10032D0DFD2B49DC98CA9739F929656B6819FA1C10EC44F8A95206D0C3D62094'),

('D6FAF67A9C9B4AC88C6FF29DE1269C75','lili','123','3316293243@qq.com',1,'2DA887B097C8402E924ADE8C7B22AA85A7E4E14211054B5E8C46296B93CEC1F5');

/*!40101 SET SQL_MODE=@OLD_SQL_MODE */;
/*!40014 SET FOREIGN_KEY_CHECKS=@OLD_FOREIGN_KEY_CHECKS */;
/*!40014 SET UNIQUE_CHECKS=@OLD_UNIQUE_CHECKS */;
/*!40111 SET SQL_NOTES=@OLD_SQL_NOTES */;
